season,date,network,home team,visiting team,Audience,line,ou
2002,2003-01-04T14:45:00Z,ABC,New York Jets,Indianapolis Colts,66660,NA,NA
2002,2003-01-04T18:00:00Z,ABC,Green Bay Packers,Atlanta Falcons,92023,NA,NA
2002,2003-01-05T14:45:00Z,FOX,San Francisco 49ers,New York Giants,130086,NA,NA
2002,2003-01-05T11:00:00Z,CBS,Pittsburgh Steelers,Cleveland Browns,89669,NA,NA
2002,2003-01-11T18:15:00Z,FOX,Philadelphia Eagles,Atlanta Falcons,109104,NA,NA
2002,2003-01-11T14:30:00Z,CBS,Tennessee Titans,Pittsburgh Steelers,128552,NA,NA
2002,2003-01-12T11:00:00Z,FOX,Tampa Bay Buccaneers,San Francisco 49ers,115660,NA,NA
2002,2003-01-12T14:45:00Z,CBS,Oakland Raiders,New York Jets,127207,NA,NA
2002,2003-01-19T13:15:00Z,FOX,Philadelphia Eagles,Tampa Bay Buccaneers,164012,NA,NA
2002,2003-01-19T16:45:00Z,CBS,Oakland Raiders,Tennessee Titans,174019,NA,NA
2002,2003-01-26T16:30:00Z,ABC,Tampa Bay Buccaneers,Oakland Raiders,289894,NA,NA
2003,2003-08-02T18:00:00Z,ESPN,Tampa Bay Buccaneers,New York Jets,16153,NA,NA
2003,2003-08-07T18:00:00Z,ESPN,New England Patriots,New York Giants,13625,NA,NA
2003,2003-08-11T18:00:00Z,ESPN,New Orleans Saints,Philadelphia Eagles,18920,NA,NA
2003,2003-08-14T18:15:00Z,FOX,San Francisco 49ers,Oakland Raiders,44717,NA,NA
2003,2003-08-15T18:00:00Z,CBS,Cleveland Browns,Green Bay Packers,34483,NA,NA
2003,2003-08-16T18:00:00Z,ESPN,Tennessee Titans,Buffalo Bills,20513,NA,NA
2003,2003-08-17T18:00:00Z,ABC,St. Louis Rams,Tampa Bay Buccaneers,35963,NA,NA
2003,2003-08-21T18:00:00Z,FOX,Pittsburgh Steelers,Dallas Cowboys,37890,NA,NA
2003,2003-08-22T18:00:00Z,CBS,Miami Dolphins,Atlanta Falcons,33009,NA,NA
2003,2003-08-25T18:00:00Z,ABC,Denver Broncos,Indianapolis Colts,56253,NA,NA
2003,2003-09-04T19:00:00Z,ABC,Washington Redskins,New York Jets,91290,NA,NA
2003,2003-09-07T11:00:00Z,FOX,Green Bay Packers,Minnesota Vikings,55203,NA,NA
2003,2003-09-07T11:00:00Z,CBS,Cincinnati Bengals,Denver Broncos,47597,NA,NA
2003,2003-09-07T14:30:00Z,FOX,San Francisco 49ers,Chicago Bears,86900,NA,NA
2003,2003-09-07T18:45:00Z,ESPN,Tennessee Titans,Oakland Raiders,59608,NA,NA
2003,2003-09-08T19:00:00Z,ABC,Philadelphia Eagles,Tampa Bay Buccaneers,113191,NA,NA
2003,2003-09-14T11:00:00Z,FOX,St. Louis Rams,San Francisco 49ers,69207,NA,NA
2003,2003-09-14T11:00:00Z,CBS,Kansas City Chiefs,Pittsburgh Steelers,43669,NA,NA
2003,2003-09-14T14:15:00Z,CBS,San Diego Chargers,Denver Broncos,77343,NA,NA
2003,2003-09-14T18:30:00Z,ESPN,Minnesota Vikings,Chicago Bears,55759,NA,NA
2003,2003-09-15T19:00:00Z,ABC,New York Giants,Dallas Cowboys,106053,NA,NA
2003,2003-09-21T11:00:00Z,FOX,Atlanta Falcons,Tampa Bay Buccaneers,44107,NA,NA
2003,2003-09-21T11:00:00Z,CBS,New England Patriots,New York Jets,30966,NA,NA
2003,2003-09-21T14:15:00Z,CBS,San Francisco 49ers,Cleveland Browns,70131,NA,NA
2003,2003-09-21T18:30:00Z,ESPN,Miami Dolphins,Buffalo Bills,59679,NA,NA
2003,2003-09-22T19:00:00Z,ABC,Denver Broncos,Oakland Raiders,107051,NA,NA
2003,2003-09-28T11:00:00Z,FOX,Minnesota Vikings,San Francisco 49ers,60863,NA,NA
2003,2003-09-28T12:45:00Z,FOX,Buffalo Bills,Philadelphia Eagles,67586,NA,NA
2003,2003-09-28T14:30:00Z,FOX,Denver Broncos,Detroit Lions,73776,NA,NA
2003,2003-09-28T18:30:00Z,ESPN,New Orleans Saints,Indianapolis Colts,40689,NA,NA
2003,2003-09-29T19:00:00Z,ABC,Chicago Bears,Green Bay Packers,90656,NA,NA
2003,2003-10-05T11:00:00Z,FOX,Green Bay Packers,Seattle Seahawks,30470,NA,NA
2003,2003-10-05T14:15:00Z,FOX,San Francisco 49ers,Detroit Lions,62346,NA,NA
2003,2003-10-05T11:00:00Z,CBS,Kansas City Chiefs,Denver Broncos,52449,NA,NA
2003,2003-10-05T18:30:00Z,ESPN,Pittsburgh Steelers,Cleveland Browns,37988,NA,NA
2003,2003-10-06T19:00:00Z,ABC,Tampa Bay Buccaneers,Indianapolis Colts,71645,NA,NA
2003,2003-10-12T11:00:00Z,FOX,Dallas Cowboys,Philadelphia Eagles,45165,NA,NA
2003,2003-10-12T11:00:00Z,CBS,Green Bay Packers,Kansas City Chiefs,58388,NA,NA
2003,2003-10-12T14:30:00Z,CBS,Denver Broncos,Pittsburgh Steelers,71829,NA,NA
2003,2003-10-12T18:30:00Z,ESPN,Seattle Seahawks,San Francisco 49ers,58398,NA,NA
2003,2003-10-13T19:00:00Z,ABC,St. Louis Rams,Atlanta Falcons,76555,NA,NA
2003,2003-10-19T11:00:00Z,FOX,St. Louis Rams,Green Bay Packers,34089,NA,NA
2003,2003-10-19T14:15:00Z,FOX,San Francisco 49ers,Tampa Bay Buccaneers,73232,NA,NA
2003,2003-10-19T11:00:00Z,CBS,Minnesota Vikings,Denver Broncos,50031,NA,NA
2003,2003-10-20T19:00:00Z,ABC,Oakland Raiders,Kansas City Chiefs,94548,NA,NA
2003,2003-10-26T14:00:00Z,FOX,Arizona Cardinals,San Francisco 49ers,45534,NA,NA
2003,2003-10-26T11:00:00Z,CBS,Baltimore Ravens,Denver Broncos,78414,NA,NA
2003,2003-10-26T14:15:00Z,CBS,Indianapolis Colts,Houston Texans,54562,NA,NA
2003,2003-10-26T18:30:00Z,ESPN,Kansas City Chiefs,Buffalo Bills,44254,NA,NA
2003,2003-10-27T19:00:00Z,ABC,San Diego Chargers,Miami Dolphins,88879,NA,NA
2003,2003-11-02T11:00:00Z,FOX,Tampa Bay Buccaneers,New Orleans Saints,43580,NA,NA
2003,2003-11-02T14:15:00Z,FOX,San Francisco 49ers,St. Louis Rams,84671,NA,NA
2003,2003-11-02T11:00:00Z,CBS,Miami Dolphins,Indianapolis Colts,51983,NA,NA
2003,2003-11-02T18:30:00Z,ESPN,Minnesota Vikings,Green Bay Packers,41174,NA,NA
2003,2003-11-03T19:00:00Z,ABC,Denver Broncos,New England Patriots,106836,NA,NA
2003,2003-11-09T11:00:00Z,FOX,Carolina Panthers,Tampa Bay Buccaneers,41376,NA,NA
2003,2003-11-09T11:00:00Z,CBS,Kansas City Chiefs,Cleveland Browns,47961,NA,NA
2003,2003-11-09T14:30:00Z,CBS,Dallas Cowboys,Buffalo Bills,80424,NA,NA
2003,2003-11-09T18:30:00Z,ESPN,St. Louis Rams,Baltimore Ravens,52921,NA,NA
2003,2003-11-10T19:00:00Z,ABC,Green Bay Packers,Philadelphia Eagles,92267,NA,NA
2003,2003-11-16T11:00:00Z,FOX,Carolina Panthers,Washington Redskins,62110,NA,NA
2003,2003-11-16T14:15:00Z,FOX,Tampa Bay Buccaneers,Green Bay Packers,66476,NA,NA
2003,2003-11-16T14:00:00Z,CBS,Denver Broncos,San Diego Chargers,29768,NA,NA
2003,2003-11-16T18:30:00Z,ESPN,New England Patriots,Dallas Cowboys,58579,NA,NA
2003,2003-11-17T19:00:00Z,ABC,San Francisco 49ers,Pittsburgh Steelers,70785,NA,NA
2003,2003-11-23T11:00:00Z,FOX,Green Bay Packers,San Francisco 49ers,41462,NA,NA
2003,2003-11-23T11:00:00Z,CBS,Buffalo Bills,Indianapolis Colts,34269,NA,NA
2003,2003-11-23T14:15:00Z,CBS,Kansas City Chiefs,Oakland Raiders,81231,NA,NA
2003,2003-11-23T18:30:00Z,ESPN,Miami Dolphins,Washington Redskins,33378,NA,NA
2003,2003-11-24T19:00:00Z,ABC,Tampa Bay Buccaneers,New York Giants,74727,NA,NA
2003,2003-11-27T22:30:00Z,FOX,Detroit Lions,Green Bay Packers,94214,NA,NA
2003,2003-11-27T14:15:00Z,CBS,Dallas Cowboys,Miami Dolphins,72648,NA,NA
2003,2003-11-30T11:00:00Z,FOX,Baltimore Ravens,San Francisco 49ers,34475,NA,NA
2003,2003-11-30T11:00:00Z,CBS,Indianapolis Colts,New England Patriots,54633,NA,NA
2003,2003-11-30T14:15:00Z,CBS,Oakland Raiders,Denver Broncos,84085,NA,NA
2003,2003-11-30T18:30:00Z,ESPN,Jacksonville Jaguars,Tampa Bay Buccaneers,52716,NA,NA
2003,2003-12-01T19:00:00Z,ABC,New York Jets,Tennessee Titans,72538,NA,NA
2003,2003-12-07T11:00:00Z,FOX,Philadelphia Eagles,Dallas Cowboys,40200,NA,NA
2003,2003-12-07T11:00:00Z,CBS,Tennessee Titans,Indianapolis Colts,51661,NA,NA
2003,2003-12-07T14:15:00Z,CBS,Denver Broncos,Kansas City Chiefs,95006,NA,NA
2003,2003-12-07T18:30:00Z,ESPN,Atlanta Falcons,Carolina Panthers,35919,NA,NA
2003,2003-12-08T19:00:00Z,ABC,Cleveland Browns,St. Louis Rams,71774,NA,NA
2003,2003-12-14T11:00:00Z,FOX,Cincinnati Bengals,San Francisco 49ers,66028,NA,NA
2003,2003-12-14T14:15:00Z,FOX,Washington Redskins,Dallas Cowboys,41832,NA,NA
2003,2003-12-14T14:00:00Z,CBS,Denver Broncos,Cleveland Browns,68797,NA,NA
2003,2003-12-14T18:30:00Z,ESPN,New Orleans Saints,New York Giants,31864,NA,NA
2003,2003-12-15T19:00:00Z,ABC,Miami Dolphins,Philadelphia Eagles,93051,NA,NA
2003,2003-12-20T11:00:00Z,FOX,Tampa Bay Buccaneers,Atlanta Falcons,52516,NA,NA
2003,2003-12-20T15:15:00Z,CBS,Minnesota Vikings,Kansas City Chiefs,47788,NA,NA
2003,2003-12-20T18:30:00Z,ESPN,New York Jets,New England Patriots,22087,NA,NA
2003,2003-12-21T11:00:00Z,FOX,Dallas Cowboys,New York Giants,37338,NA,NA
2003,2003-12-21T14:15:00Z,FOX,Philadelphia Eagles,San Francisco 49ers,71547,NA,NA
2003,2003-12-21T11:00:00Z,CBS,St. Louis Rams,Cincinnati Bengals,52544,NA,NA
2003,2003-12-21T18:30:00Z,ESPN,Indianapolis Colts,Denver Broncos,53891,NA,NA
2003,2003-12-22T19:00:00Z,ABC,Oakland Raiders,Green Bay Packers,70059,NA,NA
2003,2003-12-27T11:30:00Z,CBS,New England Patriots,Buffalo Bills,57083,NA,NA
2003,2003-12-27T15:15:00Z,FOX,San Francisco 49ers,Seattle Seahawks,70234,NA,NA
2003,2003-12-27T18:30:00Z,ESPN,Washington Redskins,Philadelphia Eagles,22631,NA,NA
2003,2003-12-28T11:00:00Z,FOX,New Orleans Saints,Dallas Cowboys,52266,NA,NA
2003,2003-12-28T11:00:00Z,CBS,Houston Texans,Indianapolis Colts,46015,NA,NA
2003,2003-12-28T14:15:00Z,CBS,Green Bay Packers,Denver Broncos,95034,NA,NA
2003,2003-12-28T18:30:00Z,ESPN,Baltimore Ravens,Pittsburgh Steelers,35975,NA,NA
2003,2004-01-03T14:30:00Z,ABC,Baltimore Ravens,Tennessee Titans,81958,NA,NA
2003,2004-01-03T18:00:00Z,ABC,Carolina Panthers,Dallas Cowboys,82849,NA,NA
2003,2004-01-04T11:00:00Z,FOX,Green Bay Packers,Seattle Seahawks,113427,NA,NA
2003,2004-01-04T14:45:00Z,CBS,Indianapolis Colts,Denver Broncos,102757,NA,NA
2003,2004-01-10T14:30:00Z,FOX,St. Louis Rams,Carolina Panthers,93985,NA,NA
2003,2004-01-10T18:15:00Z,CBS,New England Patriots,Tennessee Titans,90027,NA,NA
2003,2004-01-11T14:45:00Z,FOX,Philadelphia Eagles,Green Bay Packers,154819,NA,NA
2003,2004-01-11T11:00:00Z,CBS,Kansas City Chiefs,Indianapolis Colts,109787,NA,NA
2003,2004-01-18T13:00:00Z,CBS,New England Patriots,Indianapolis Colts,151904,NA,NA
2003,2004-01-18T16:45:00Z,FOX,Philadelphia Eagles,Carolina Panthers,160649,NA,NA
2003,2004-02-01T16:30:00Z,CBS,Carolina Panthers,New England Patriots,332102,NA,NA
2004,2004-08-12T18:00:00Z,ESPN,Baltimore Ravens,Atlanta Falcons,9557,NA,NA
2004,2004-08-16T18:00:00Z,ESPN,Green Bay Packers,Seattle Seahawks,18735,NA,NA
2004,2004-08-19T18:00:00Z,FOX,Carolina Panthers,New York Giants,19071,NA,NA
2004,2004-08-20T18:00:00Z,CBS,Philadelphia Eagles,Baltimore Ravens,24177,NA,NA
2004,2004-08-21T18:00:00Z,ESPN,Indianapolis Colts,New York Jets,7437,NA,NA
2004,2004-08-23T18:00:00Z,ABC,Kansas City Chiefs,St. Louis Rams,20638,NA,NA
2004,2004-08-26T18:00:00Z,ESPN,Philadelphia Eagles,Pittsburgh Steelers,18123,NA,NA
2004,2004-08-27T18:00:00Z,FOX,St. Louis Rams,Washington Redskins,22368,NA,NA
2004,2004-08-28T18:00:00Z,CBS,Carolina Panthers,New England Patriots,18222,NA,NA
2004,2004-08-30T18:15:00Z,ABC,Dallas Cowboys,Tennessee Titans,48426,NA,NA
2004,2004-09-09T19:00:00Z,ABC,New England Patriots,Indianapolis Colts,83472,NA,NA
2004,2004-09-12T11:00:00Z,FOX,Washington Redskins,Tampa Bay Buccaneers,46170,NA,NA
2004,2004-09-12T14:15:00Z,FOX,Minnesota Vikings,Dallas Cowboys,73942,NA,NA
2004,2004-09-12T11:00:00Z,CBS,Pittsburgh Steelers,Oakland Raiders,41422,NA,NA
2004,2004-09-12T18:30:00Z,ESPN,Denver Broncos,Kansas City Chiefs,62063,NA,NA
2004,2004-09-13T19:00:00Z,ABC,Carolina Panthers,Green Bay Packers,90529,NA,NA
2004,2004-09-19T11:00:00Z,FOX,Green Bay Packers,Chicago Bears,37729,NA,NA
2004,2004-09-19T11:00:00Z,CBS,Jacksonville Jaguars,Denver Broncos,47591,NA,NA
2004,2004-09-19T14:15:00Z,CBS,Oakland Raiders,Buffalo Bills,62983,NA,NA
2004,2004-09-19T18:30:00Z,ESPN,Cincinnati Bengals,Miami Dolphins,30568,NA,NA
2004,2004-09-20T19:00:00Z,ABC,Philadelphia Eagles,Minnesota Vikings,94565,NA,NA
2004,2004-09-26T11:00:00Z,FOX,Minnesota Vikings,Chicago Bears,65457,NA,NA
2004,2004-09-26T14:30:00Z,FOX,Indianapolis Colts,Green Bay Packers,75592,NA,NA
2004,2004-09-26T14:00:00Z,CBS,Denver Broncos,San Diego Chargers,42273,NA,NA
2004,2004-09-26T18:30:00Z,ESPN,Oakland Raiders,Tampa Bay Buccaneers,35751,NA,NA
2004,2004-09-27T19:00:00Z,ABC,Washington Redskins,Dallas Cowboys,84736,NA,NA
2004,2004-10-03T11:00:00Z,FOX,Green Bay Packers,New York Giants,27430,NA,NA
2004,2004-10-03T11:00:00Z,CBS,Houston Texans,Oakland Raiders,25819,NA,NA
2004,2004-10-03T14:15:00Z,CBS,Tampa Bay Buccaneers,Denver Broncos,50973,NA,NA
2004,2004-10-03T18:30:00Z,ESPN,San Francisco 49ers,St. Louis Rams,31404,NA,NA
2004,2004-10-04T19:00:00Z,ABC,Baltimore Ravens,Kansas City Chiefs,89549,NA,NA
2004,2004-10-10T11:00:00Z,FOX,Dallas Cowboys,New York Giants,31458,NA,NA
2004,2004-10-10T11:00:00Z,CBS,Indianapolis Colts,Oakland Raiders,38191,NA,NA
2004,2004-10-10T14:15:00Z,FOX,Denver Broncos,Carolina Panthers,67389,NA,NA
2004,2004-10-10T18:30:00Z,ESPN,Washington Redskins,Baltimore Ravens,32725,NA,NA
2004,2004-10-11T19:00:00Z,ABC,Green Bay Packers,Tennessee Titans,71510,NA,NA
2004,2004-10-17T11:00:00Z,FOX,New England Patriots,Seattle Seahawks,47315,NA,NA
2004,2004-10-17T11:00:00Z,CBS,Atlanta Falcons,San Diego Chargers,32847,NA,NA
2004,2004-10-17T14:15:00Z,CBS,Oakland Raiders,Denver Broncos,55198,NA,NA
2004,2004-10-17T18:30:00Z,ESPN,New Orleans Saints,Minnesota Vikings,30145,NA,NA
2004,2004-10-18T19:00:00Z,ABC,St. Louis Rams,Tampa Bay Buccaneers,56755,NA,NA
2004,2004-10-24T11:00:00Z,FOX,Cleveland Browns,Philadelphia Eagles,58871,NA,NA
2004,2004-10-24T14:45:00Z,FOX,Green Bay Packers,Dallas Cowboys,51738,NA,NA
2004,2004-10-24T14:00:00Z,CBS,New England Patriots,New York Jets,37911,NA,NA
2004,2004-10-25T19:00:00Z,ABC,Cincinnati Bengals,Denver Broncos,87511,NA,NA
2004,2004-10-31T11:00:00Z,CBS,Philadelphia Eagles,Baltimore Ravens,60914,NA,NA
2004,2004-10-31T14:00:00Z,FOX,Denver Broncos,Atlanta Falcons,41546,NA,NA
2004,2004-10-31T14:30:00Z,CBS,Pittsburgh Steelers,New England Patriots,67554,NA,NA
2004,2004-10-31T18:30:00Z,ESPN,Chicago Bears,San Francisco 49ers,30723,NA,NA
2004,2004-11-01T19:00:00Z,ABC,New York Jets,Miami Dolphins,69484,NA,NA
2004,2004-11-07T11:00:00Z,FOX,Pittsburgh Steelers,Philadelphia Eagles,44307,NA,NA
2004,2004-11-07T11:00:00Z,CBS,Buffalo Bills,New York Jets,15709,NA,NA
2004,2004-11-07T14:30:00Z,CBS,Denver Broncos,Houston Texans,46112,NA,NA
2004,2004-11-07T18:30:00Z,ESPN,Baltimore Ravens,Cleveland Browns,32406,NA,NA
2004,2004-11-08T19:00:00Z,ABC,Indianapolis Colts,Minnesota Vikings,82481,NA,NA
2004,2004-11-14T11:00:00Z,FOX,St. Louis Rams,Seattle Seahawks,35843,NA,NA
2004,2004-11-14T11:00:00Z,CBS,New York Jets,Baltimore Ravens,36252,NA,NA
2004,2004-11-14T14:15:00Z,FOX,Green Bay Packers,Minnesota Vikings,75171,NA,NA
2004,2004-11-14T18:30:00Z,ESPN,New England Patriots,Buffalo Bills,23096,NA,NA
2004,2004-11-15T19:00:00Z,ABC,Dallas Cowboys,Philadelphia Eagles,88862,NA,NA
2004,2004-11-21T11:00:00Z,FOX,Baltimore Ravens,Dallas Cowboys,27703,NA,NA
2004,2004-11-21T14:15:00Z,FOX,New York Giants,Atlanta Falcons,55461,NA,NA
2004,2004-11-21T11:00:00Z,CBS,New Orleans Saints,Denver Broncos,44172,NA,NA
2004,2004-11-21T18:30:00Z,ESPN,Houston Texans,Green Bay Packers,30892,NA,NA
2004,2004-11-22T19:00:00Z,ABC,Kansas City Chiefs,New England Patriots,54115,NA,NA
2004,2004-11-25T14:30:00Z,FOX,Dallas Cowboys,Chicago Bears,80766,NA,NA
2004,2004-11-25T10:45:00Z,CBS,Detroit Lions,Indianapolis Colts,77091,NA,NA
2004,2004-11-28T11:00:00Z,FOX,New York Giants,Philadelphia Eagles,46644,NA,NA
2004,2004-11-28T11:00:00Z,CBS,Kansas City Chiefs,San Diego Chargers,37914,NA,NA
2004,2004-11-28T14:15:00Z,CBS,New England Patriots,Baltimore Ravens,56147,NA,NA
2004,2004-11-28T18:30:00Z,ESPN,Denver Broncos,Oakland Raiders,47548,NA,NA
2004,2004-11-29T19:00:00Z,ABC,Green Bay Packers,St. Louis Rams,82126,NA,NA
2004,2004-12-05T11:00:00Z,FOX,Chicago Bears,Minnesota Vikings,72552,NA,NA
2004,2004-12-05T14:30:00Z,FOX,Philadelphia Eagles,Green Bay Packers,56980,NA,NA
2004,2004-12-05T14:00:00Z,CBS,San Diego Chargers,Denver Broncos,59332,NA,NA
2004,2004-12-05T18:30:00Z,ESPN,Jacksonville Jaguars,Pittsburgh Steelers,46137,NA,NA
2004,2004-12-06T19:00:00Z,ABC,Seattle Seahawks,Dallas Cowboys,86420,NA,NA
2004,2004-12-12T11:00:00Z,FOX,Seattle Seahawks,Minnesota Vikings,56501,NA,NA
2004,2004-12-12T14:15:00Z,FOX,Green Bay Packers,Detroit Lions,61943,NA,NA
2004,2004-12-12T14:00:00Z,CBS,Denver Broncos,Miami Dolphins,34609,NA,NA
2004,2004-12-12T18:30:00Z,ESPN,Washington Redskins,Philadelphia Eagles,33417,NA,NA
2004,2004-12-13T19:00:00Z,ABC,Tennessee Titans,Kansas City Chiefs,71072,NA,NA
2004,2004-12-18T15:15:00Z,FOX,San Francisco 49ers,Washington Redskins,46592,NA,NA
2004,2004-12-18T23:30:00Z,CBS,New York Giants,Pittsburgh Steelers,60409,NA,NA
2004,2004-12-18T18:30:00Z,ESPN,Atlanta Falcons,Carolina Panthers,21765,NA,NA
2004,2004-12-19T11:00:00Z,FOX,New York Jets,Seattle Seahawks,32072,NA,NA
2004,2004-12-19T11:00:00Z,CBS,Cleveland Browns,San Diego Chargers,39985,NA,NA
2004,2004-12-19T14:15:00Z,CBS,Green Bay Packers,Jacksonville Jaguars,72594,NA,NA
2004,2004-12-19T18:30:00Z,ESPN,Indianapolis Colts,Baltimore Ravens,48929,NA,NA
2004,2004-12-20T19:00:00Z,ABC,Minnesota Vikings,New England Patriots,76778,NA,NA
2004,2004-12-24T13:00:00Z,FOX,Minnesota Vikings,Green Bay Packers,71702,NA,NA
2004,2004-12-25T15:15:00Z,CBS,Kansas City Chiefs,Oakland Raiders,68215,NA,NA
2004,2004-12-25T18:30:00Z,ESPN,Tennessee Titans,Denver Broncos,26257,NA,NA
2004,2004-12-26T11:00:00Z,FOX,New Orleans Saints,Atlanta Falcons,20240,NA,NA
2004,2004-12-26T14:15:00Z,FOX,Seattle Seahawks,Arizona Cardinals,53215,NA,NA
2004,2004-12-26T11:00:00Z,CBS,Indianapolis Colts,San Diego Chargers,56473,NA,NA
2004,2004-12-26T18:30:00Z,ESPN,Miami Dolphins,Cleveland Browns,20963,NA,NA
2004,2004-12-27T19:00:00Z,ABC,St. Louis Rams,Philadelphia Eagles,67592,NA,NA
2004,2005-01-02T11:00:00Z,FOX,Washington Redskins,Minnesota Vikings,45003,NA,NA
2004,2005-01-02T11:00:00Z,CBS,St. Louis Rams,New York Jets,51381,NA,NA
2004,2005-01-02T15:00:00Z,CBS,Denver Broncos,Indianapolis Colts,102944,NA,NA
2004,2005-01-02T18:30:00Z,ESPN,New York Giants,Dallas Cowboys,34054,NA,NA
2004,2005-01-08T14:30:00Z,ABC,Seattle Seahawks,St. Louis Rams,89860,NA,NA
2004,2005-01-08T18:15:00Z,ABC,San Diego Chargers,New York Jets,102405,NA,NA
2004,2005-01-09T14:45:00Z,FOX,Green Bay Packers,Minnesota Vikings,113236,NA,NA
2004,2005-01-09T11:00:00Z,CBS,Indianapolis Colts,Denver Broncos,95461,NA,NA
2004,2005-01-15T18:30:00Z,FOX,Atlanta Falcons,St. Louis Rams,75765,NA,NA
2004,2005-01-15T14:30:00Z,CBS,Pittsburgh Steelers,New York Jets,96132,NA,NA
2004,2005-01-16T11:00:00Z,FOX,Philadelphia Eagles,Minnesota Vikings,91238,NA,NA
2004,2005-01-16T14:45:00Z,CBS,New England Patriots,Indianapolis Colts,123739,NA,NA
2004,2005-01-23T13:15:00Z,FOX,Philadelphia Eagles,Atlanta Falcons,145618,NA,NA
2004,2005-01-23T16:30:00Z,CBS,Pittsburgh Steelers,New England Patriots,144811,NA,NA
2004,2005-02-06T16:45:00Z,FOX,Philadelphia Eagles,New England Patriots,321661,NA,NA
2005,2005-08-08T18:00:00Z,ABC,Chicago Bears,Miami Dolphins,37422,NA,NA
2005,2005-08-18T18:00:00Z,FOX,New England Patriots,New Orleans Saints,32065,NA,NA
2005,2005-08-19T18:00:00Z,CBS,New York Jets,Minnesota Vikings,27417,NA,NA
2005,2005-08-22T18:00:00Z,ABC,Seattle Seahawks,Dallas Cowboys,41184,NA,NA
2005,2005-08-26T18:00:00Z,FOX,Washington Redskins,Pittsburgh Steelers,36393,NA,NA
2005,2005-08-27T18:00:00Z,CBS,Denver Broncos,Indianapolis Colts,42553,NA,NA
2005,2005-08-29T18:00:00Z,ABC,Detroit Lions,St. Louis Rams,42005,NA,NA
2005,2005-09-08T19:00:00Z,ABC,New England Patriots,Oakland Raiders,77302,NA,NA
2005,2005-09-11T11:00:00Z,FOX,Minnesota Vikings,Tampa Bay Buccaneers,41103,NA,NA
2005,2005-09-11T14:15:00Z,FOX,San Francisco 49ers,St. Louis Rams,79788,NA,NA
2005,2005-09-11T11:00:00Z,CBS,Minnesota Vikings,Denver Broncos,46392,NA,NA
2005,2005-09-12T19:00:00Z,ABC,Atlanta Falcons,Philadelphia Eagles,100515,NA,NA
2005,2005-09-18T11:00:00Z,FOX,Philadelphia Eagles,San Francisco 49ers,45308,NA,NA
2005,2005-09-18T11:00:00Z,CBS,Carolina Panthers,New England Patriots,41395,NA,NA
2005,2005-09-18T14:15:00Z,CBS,Denver Broncos,San Diego Chargers,76674,NA,NA
2005,2005-09-19T19:00:00Z,ABC,Dallas Cowboys,Washington Redskins,67854,NA,NA
2005,2005-09-25T14:00:00Z,FOX,San Francisco 49ers,Dallas Cowboys,47791,NA,NA
2005,2005-09-25T11:00:00Z,CBS,Philadelphia Eagles,Oakland Raiders,70551,NA,NA
2005,2005-09-25T14:45:00Z,CBS,Pittsburgh Steelers,New England Patriots,60849,NA,NA
2005,2005-09-26T19:00:00Z,ABC,Denver Broncos,Kansas City Chiefs,79238,NA,NA
2005,2005-10-02T11:00:00Z,FOX,New York Giants,St. Louis Rams,36543,NA,NA
2005,2005-10-02T14:45:00Z,FOX,Kansas City Chiefs,Philadelphia Eagles,63563,NA,NA
2005,2005-10-02T11:00:00Z,CBS,New England Patriots,San Diego Chargers,36831,NA,NA
2005,2005-10-03T19:00:00Z,ABC,Carolina Panthers,Green Bay Packers,78224,NA,NA
2005,2005-10-09T11:00:00Z,FOX,New York Jets,Tampa Bay Buccaneers,54962,NA,NA
2005,2005-10-09T14:15:00Z,FOX,Denver Broncos,Washington Redskins,51779,NA,NA
2005,2005-10-09T14:00:00Z,CBS,San Francisco 49ers,Indianapolis Colts,29969,NA,NA
2005,2005-10-10T19:00:00Z,ABC,San Diego Chargers,Pittsburgh Steelers,87202,NA,NA
2005,2005-10-16T11:00:00Z,FOX,Dallas Cowboys,New York Giants,48504,NA,NA
2005,2005-10-16T11:00:00Z,CBS,Pittsburgh Steelers,Jacksonville Jaguars,37024,NA,NA
2005,2005-10-16T14:15:00Z,CBS,Denver Broncos,New England Patriots,71021,NA,NA
2005,2005-10-17T19:00:00Z,ABC,Indianapolis Colts,St. Louis Rams,59441,NA,NA
2005,2005-10-23T11:00:00Z,FOX,Washington Redskins,San Francisco 49ers,38369,NA,NA
2005,2005-10-23T11:00:00Z,CBS,Philadelphia Eagles,San Diego Chargers,54204,NA,NA
2005,2005-10-23T14:30:00Z,CBS,New York Giants,Denver Broncos,79800,NA,NA
2005,2005-10-24T19:00:00Z,ABC,Atlanta Falcons,New York Jets,67400,NA,NA
2005,2005-10-30T11:00:00Z,FOX,New York Giants,Washington Redskins,52806,NA,NA
2005,2005-10-30T14:15:00Z,FOX,Denver Broncos,Philadelphia Eagles,77181,NA,NA
2005,2005-10-30T14:00:00Z,CBS,San Diego Chargers,Kansas City Chiefs,27296,NA,NA
2005,2005-10-31T19:00:00Z,ABC,Pittsburgh Steelers,Baltimore Ravens,81528,NA,NA
2005,2005-11-06T14:00:00Z,FOX,San Francisco 49ers,New York Giants,34184,NA,NA
2005,2005-11-06T11:00:00Z,CBS,New York Jets,San Diego Chargers,56931,NA,NA
2005,2005-11-06T14:30:00Z,CBS,Green Bay Packers,Pittsburgh Steelers,58604,NA,NA
2005,2005-11-07T19:00:00Z,ABC,New England Patriots,Indianapolis Colts,97611,NA,NA
2005,2005-11-13T11:00:00Z,FOX,New York Giants,Minnesota Vikings,56055,NA,NA
2005,2005-11-13T14:30:00Z,FOX,Seattle Seahawks,St. Louis Rams,39405,NA,NA
2005,2005-11-13T14:00:00Z,CBS,Oakland Raiders,Denver Broncos,49145,NA,NA
2005,2005-11-14T19:00:00Z,ABC,Philadelphia Eagles,Dallas Cowboys,90186,NA,NA
2005,2005-11-20T11:00:00Z,FOX,New York Giants,Philadelphia Eagles,38775,NA,NA
2005,2005-11-20T11:00:00Z,CBS,Washington Redskins,Oakland Raiders,29619,NA,NA
2005,2005-11-20T14:15:00Z,CBS,Denver Broncos,New York Jets,72017,NA,NA
2005,2005-11-20T16:30:00Z,CBS,Cincinnati Bengals,Indianapolis Colts,75721,NA,NA
2005,2005-11-21T19:00:00Z,ABC,Green Bay Packers,Minnesota Vikings,74816,NA,NA
2005,2005-11-24T10:45:00Z,FOX,Detroit Lions,Atlanta Falcons,71847,NA,NA
2005,2005-11-24T14:15:00Z,CBS,Dallas Cowboys,Denver Broncos,98250,NA,NA
2005,2005-11-27T11:00:00Z,FOX,Tampa Bay Buccaneers,Chicago Bears,63638,NA,NA
2005,2005-11-27T14:15:00Z,FOX,Seattle Seahawks,New York Giants,96538,NA,NA
2005,2005-11-27T11:00:00Z,CBS,Kansas City Chiefs,New England Patriots,36993,NA,NA
2005,2005-11-28T19:00:00Z,ABC,Indianapolis Colts,Pittsburgh Steelers,102706,NA,NA
2005,2005-12-04T11:00:00Z,FOX,New York Giants,Dallas Cowboys,58368,NA,NA
2005,2005-12-04T11:00:00Z,CBS,Pittsburgh Steelers,Cincinnati Bengals,42767,NA,NA
2005,2005-12-04T14:15:00Z,CBS,Kansas City Chiefs,Denver Broncos,94472,NA,NA
2005,2005-12-05T19:00:00Z,ABC,Philadelphia Eagles,Seattle Seahawks,72372,NA,NA
2005,2005-12-11T11:00:00Z,FOX,Pittsburgh Steelers,Chicago Bears,41517,NA,NA
2005,2005-12-11T11:00:00Z,CBS,Jacksonville Jaguars,Indianapolis Colts,45830,NA,NA
2005,2005-12-11T14:15:00Z,CBS,Denver Broncos,Baltimore Ravens,86840,NA,NA
2005,2005-12-12T19:00:00Z,ABC,Atlanta Falcons,New Orleans Saints,67946,NA,NA
2005,2005-12-17T11:30:00Z,FOX,New England Patriots,Tampa Bay Buccaneers,59006,NA,NA
2005,2005-12-17T15:15:00Z,CBS,New York Giants,Kansas City Chiefs,62228,NA,NA
2005,2005-12-18T11:00:00Z,FOX,Tennessee Titans,Seattle Seahawks,27881,NA,NA
2005,2005-12-18T14:15:00Z,FOX,Washington Redskins,Dallas Cowboys,67945,NA,NA
2005,2005-12-18T11:00:00Z,CBS,Indianapolis Colts,San Diego Chargers,81800,NA,NA
2005,2005-12-19T19:00:00Z,ABC,Baltimore Ravens,Green Bay Packers,54810,NA,NA
2005,2005-12-24T11:00:00Z,FOX,Carolina Panthers,Dallas Cowboys,36059,NA,NA
2005,2005-12-24T11:00:00Z,CBS,Kansas City Chiefs,San Diego Chargers,33348,NA,NA
2005,2005-12-24T14:30:00Z,CBS,Denver Broncos,Oakland Raiders,65449,NA,NA
2005,2005-12-25T15:15:00Z,FOX,Green Bay Packers,Chicago Bears,50539,NA,NA
2005,2005-12-26T19:00:00Z,ABC,New York Jets,New England Patriots,60326,NA,NA
2005,2005-12-31T14:30:00Z,CBS,San Diego Chargers,Denver Broncos,72029,NA,NA
2005,2006-01-01T11:00:00Z,FOX,Atlanta Falcons,Carolina Panthers,37044,NA,NA
2005,2006-01-01T12:45:00Z,FOX,Tampa Bay Buccaneers,New Orleans Saints,34949,NA,NA
2005,2006-01-01T14:15:00Z,FOX,Philadelphia Eagles,Washington Redskins,73323,NA,NA
2005,2006-01-01T11:00:00Z,CBS,Kansas City Chiefs,Cincinnati Bengals,35620,NA,NA
2005,2006-01-01T13:15:00Z,CBS,New England Patriots,Miami Dolphins,37235,NA,NA
2005,2006-01-07T14:30:00Z,ABC,Tampa Bay Buccaneers,Washington Redskins,81217,NA,NA
2005,2006-01-07T18:00:00Z,ABC,New England Patriots,Jacksonville Jaguars,94120,NA,NA
2005,2006-01-08T11:00:00Z,FOX,New York Giants,Carolina Panthers,74219,NA,NA
2005,2006-01-08T14:30:00Z,CBS,Cincinnati Bengals,Pittsburgh Steelers,116209,NA,NA
2005,2006-01-14T14:30:00Z,FOX,Seattle Seahawks,Washington Redskins,107375,NA,NA
2005,2006-01-14T18:15:00Z,CBS,Denver Broncos,New England Patriots,138172,NA,NA
2005,2006-01-15T14:45:00Z,FOX,Chicago Bears,Carolina Panthers,132387,NA,NA
2005,2006-01-15T11:00:00Z,CBS,Indianapolis Colts,Pittsburgh Steelers,115799,NA,NA
2005,2006-01-22T16:45:00Z,FOX,Seattle Seahawks,Carolina Panthers,131206,NA,NA
2005,2006-01-22T13:15:00Z,CBS,Denver Broncos,Pittsburgh Steelers,160854,NA,NA
2005,2006-02-05T16:30:00Z,ABC,Pittsburgh Steelers,Seattle Seahawks,305339,NA,NA
2005,2005-08-11T18:00:00Z,ESPN,Green Bay Packers,San Diego Chargers,20018,NA,NA
2005,2005-08-15T18:00:00Z,ESPN,Pittsburgh Steelers,Philadelphia Eagles,24666,NA,NA
2005,2005-08-25T18:00:00Z,ESPN,Jacksonville Jaguars,Atlanta Falcons,12390,NA,NA
2005,2005-09-11T18:30:00Z,ESPN,Baltimore Ravens,Indianapolis Colts,56120,NA,NA
2005,2005-09-18T18:30:00Z,ESPN,Oakland Raiders,Kansas City Chiefs,48140,NA,NA
2005,2005-09-25T18:30:00Z,ESPN,San Diego Chargers,New York Giants,40538,NA,NA
2005,2005-10-02T18:30:00Z,ESPN,Arizona Cardinals,San Francisco 49ers,31540,NA,NA
2005,2005-10-09T18:30:00Z,ESPN,Jacksonville Jaguars,Cincinnati Bengals,34320,NA,NA
2005,2005-10-16T18:30:00Z,ESPN,Seattle Seahawks,Houston Texans,19317,NA,NA
2005,2005-10-30T18:30:00Z,ESPN,New England Patriots,Buffalo Bills,33422,NA,NA
2005,2005-11-06T18:30:00Z,ESPN,Washington Redskins,Philadelphia Eagles,31014,NA,NA
2005,2005-11-13T18:30:00Z,ESPN,Pittsburgh Steelers,Cleveland Browns,35249,NA,NA
2005,2005-11-20T18:30:00Z,ESPN,Houston Texans,Kansas City Chiefs,22171,NA,NA
2005,2005-11-27T18:30:00Z,ESPN,New York Jets,New Orleans Saints,27679,NA,NA
2005,2005-12-04T18:30:00Z,ESPN,San Diego Chargers,Oakland Raiders,30749,NA,NA
2005,2005-12-11T18:30:00Z,ESPN,Green Bay Packers,Detroit Lions,39314,NA,NA
2005,2005-12-17T18:30:00Z,ESPN,Buffalo Bills,Denver Broncos,40332,NA,NA
2005,2005-12-18T18:30:00Z,ESPN,Chicago Bears,Atlanta Falcons,33168,NA,NA
2005,2005-12-25T18:30:00Z,ESPN,Baltimore Ravens,Minnesota Vikings,32578,NA,NA
2005,2005-12-31T18:00:00Z,ESPN,Oakland Raiders,New York Giants,23247,NA,NA
2005,2006-01-01T18:30:00Z,ESPN,Dallas Cowboys,St. Louis Rams,38270,NA,NA
2006,2006-08-06T18:00:00Z,NBC,Philadelphia Eagles,Oakland Raiders,43121,NA,NA
2006,2006-08-10T18:00:00Z,FOX,St. Louis Rams,Indianapolis Colts,30549,NA,NA
2006,2006-08-11T18:00:00Z,CBS,Atlanta Falcons,New England Patriots,27741,NA,NA
2006,2006-08-13T18:00:00Z,NBC,Cincinnati Bengals,Washington Redskins,39096,NA,NA
2006,2006-08-14T18:00:00Z,ESPN,Minnesota Vikings,Oakland Raiders,22205,NA,NA
2006,2006-08-17T18:00:00Z,FOX,New York Giants,Kansas City Chiefs,24111,NA,NA
2006,2006-08-18T18:00:00Z,CBS,Chicago Bears,San Diego Chargers,19926,NA,NA
2006,2006-08-20T18:00:00Z,NBC,Indianapolis Colts,Seattle Seahawks,46466,NA,NA
2006,2006-08-21T18:00:00Z,ESPN,New Orleans Saints,Dallas Cowboys,22715,NA,NA
2006,2006-08-24T18:00:00Z,FOX,Carolina Panthers,Miami Dolphins,26648,NA,NA
2006,2006-08-25T18:00:00Z,ESPN,Philadelphia Eagles,Pittsburgh Steelers,20167,NA,NA
2006,2006-08-28T18:00:00Z,ESPN,Cincinnati Bengals,Green Bay Packers,23039,NA,NA
2006,2006-08-26T18:00:00Z,CBS,Jacksonville Jaguars,Tampa Bay Buccaneers,31415,NA,NA
2006,2006-09-07T18:30:00Z,NBC,Pittsburgh Steelers,Miami Dolphins,72877,-1.5,34
2006,2006-09-10T11:00:00Z,FOX,Detroit Lions,Seattle Seahawks,20393,6,44
2006,2006-09-10T14:15:00Z,FOX,Jacksonville Jaguars,Dallas Cowboys,70120,2,36.5
2006,2006-09-10T11:00:00Z,CBS,St. Louis Rams,Denver Broncos,53035,3.5,45.5
2006,2006-09-10T18:00:00Z,NBC,New York Giants,Indianapolis Colts,73164,3,48
2006,2006-09-11T17:00:00Z,ESPN,Washington Redskins,Minnesota Vikings,43187,-4,36
2006,2006-09-11T20:15:00Z,ESPN,Oakland Raiders,San Diego Chargers,71359,3,42
2006,2006-09-17T11:00:00Z,FOX,Philadelphia Eagles,New York Giants,60497,-2.5,42
2006,2006-09-17T11:00:00Z,CBS,Baltimore Ravens,Oakland Raiders,28909,-13,34
2006,2006-09-17T14:30:00Z,CBS,Denver Broncos,Kansas City Chiefs,77795,-10.5,38.5
2006,2006-09-17T18:30:00Z,NBC,Dallas Cowboys,Washington Redskins,80244,-7,37
2006,2006-09-18T18:30:00Z,ESPN,Jacksonville Jaguars,Pittsburgh Steelers,70841,2.5,36.5
2006,2006-09-24T11:00:00Z,FOX,Minnesota Vikings,Chicago Bears,34839,4,35
2006,2006-09-24T14:15:00Z,FOX,Seattle Seahawks,New York Giants,62158,-3.5,42.5
2006,2006-09-24T11:00:00Z,CBS,Pittsburgh Steelers,Cincinnati Bengals,51029,-2,42
2006,2006-09-24T18:00:00Z,NBC,New England Patriots,Denver Broncos,68925,-6.5,38.5
2006,2006-09-25T18:30:00Z,ESPN,New Orleans Saints,Atlanta Falcons,70344,4,45
2006,2006-10-01T11:00:00Z,FOX,Kansas City Chiefs,San Francisco 49ers,17067,-7,39.5
2006,2006-10-01T11:00:00Z,CBS,New York Jets,Indianapolis Colts,46547,7.5,46.5
2006,2006-10-01T14:15:00Z,CBS,Cincinnati Bengals,New England Patriots,53672,-5.5,46
2006,2006-10-01T18:00:00Z,NBC,Chicago Bears,Seattle Seahawks,61501,-3.5,36.5
2006,2006-10-02T18:30:00Z,ESPN,Philadelphia Eagles,Green Bay Packers,72166,-11.5,49.5
2006,2006-10-08T11:00:00Z,FOX,New York Giants,Washington Redskins,44275,-5.5,46
2006,2006-10-08T14:15:00Z,FOX,Philadelphia Eagles,Dallas Cowboys,85444,-1,43
2006,2006-10-08T14:00:00Z,CBS,San Francisco 49ers,Oakland Raiders,28524,-3.5,39.5
2006,2006-10-08T18:00:00Z,NBC,San Diego Chargers,Pittsburgh Steelers,60470,-3.5,37
2006,2006-10-09T18:30:00Z,ESPN,Denver Broncos,Baltimore Ravens,77858,-5,33
2006,2006-10-15T11:00:00Z,FOX,New Orleans Saints,Philadelphia Eagles,65330,3,47
2006,2006-10-15T11:00:00Z,CBS,Dallas Cowboys,Houston Texans,42017,-13,43.5
2006,2006-10-15T14:30:00Z,CBS,San Francisco 49ers,San Diego Chargers,80496,10,42
2006,2006-10-15T18:00:00Z,NBC,Denver Broncos,Oakland Raiders,65345,-15.5,37.5
2006,2006-10-16T18:30:00Z,ESPN,Arizona Cardinals,Chicago Bears,79673,12.5,40.5
2006,2006-10-22T11:00:00Z,FOX,Cincinnati Bengals,Carolina Panthers,66372,-3,44
2006,2006-10-22T14:15:00Z,FOX,Indianapolis Colts,Washington Redskins,59674,-8,47.5
2006,2006-10-22T14:00:00Z,CBS,Cleveland Browns,Denver Broncos,37982,4.5,31.5
2006,2006-10-23T18:30:00Z,ESPN,Dallas Cowboys,New York Giants,71004,-3,43.5
2006,2006-10-29T11:00:00Z,FOX,Chicago Bears,San Francisco 49ers,48280,-16.5,42
2006,2006-10-29T11:00:00Z,CBS,Philadelphia Eagles,Jacksonville Jaguars,49923,-8,38.5
2006,2006-10-29T14:15:00Z,CBS,Denver Broncos,Indianapolis Colts,102711,-3,40
2006,2006-10-29T18:00:00Z,NBC,Carolina Panthers,Dallas Cowboys,81229,-4.5,41
2006,2006-10-30T18:30:00Z,ESPN,Minnesota Vikings,New England Patriots,70967,2,40
2006,2006-11-05T11:00:00Z,FOX,Washington Redskins,Dallas Cowboys,60203,3,41
2006,2006-11-05T11:00:00Z,CBS,Baltimore Ravens,Cincinnati Bengals,31698,-3,41.5
2006,2006-11-05T14:15:00Z,CBS,Pittsburgh Steelers,Denver Broncos,93544,-3,36.5
2006,2006-11-05T18:00:00Z,NBC,New England Patriots,Indianapolis Colts,102251,-3,48.5
2006,2006-11-06T18:30:00Z,ESPN,Seattle Seahawks,Oakland Raiders,56775,-7,34
2006,2006-11-12T11:00:00Z,FOX,Philadelphia Eagles,Washington Redskins,60691,-8,41.5
2006,2006-11-12T14:15:00Z,FOX,Pittsburgh Steelers,New Orleans Saints,59592,-6.5,46
2006,2006-11-12T14:00:00Z,CBS,Oakland Raiders,Denver Broncos,62998,9,33.5
2006,2006-11-12T18:00:00Z,NBC,New York Giants,Chicago Bears,86715,-1,37
2006,2006-11-13T18:30:00Z,ESPN,Carolina Panthers,Tampa Bay Buccaneers,60210,-10,37
2006,2006-11-19T11:00:00Z,FOX,New York Jets,Chicago Bears,40770,6,39.5
2006,2006-11-19T11:00:00Z,CBS,New England Patriots,Green Bay Packers,28809,6,45.5
2006,2006-11-19T14:15:00Z,CBS,Dallas Cowboys,Indianapolis Colts,93997,1.5,50
2006,2006-11-19T18:00:00Z,NBC,Denver Broncos,San Diego Chargers,91945,-3,42.5
2006,2006-11-20T18:30:00Z,ESPN,Jacksonville Jaguars,New York Giants,52833,-3.5,38.5
2006,2006-11-23T10:45:00Z,CBS,Detroit Lions,Miami Dolphins,82450,2.5,40
2006,2006-11-23T14:30:00Z,FOX,Dallas Cowboys,Tampa Bay Buccaneers,76911,-12.5,38.5
2006,2006-11-23T18:15:00Z,NFLN,Kansas City Chiefs,Denver Broncos,30547,-2,39
2006,2006-11-26T11:00:00Z,FOX,St. Louis Rams,San Francisco 49ers,47520,-4.5,44.5
2006,2006-11-26T11:00:00Z,CBS,Baltimore Ravens,Pittsburgh Steelers,26746,-3,40
2006,2006-11-26T14:15:00Z,FOX,New England Patriots,Chicago Bears,91942,-4.5,38
2006,2006-11-26T18:00:00Z,NBC,Indianapolis Colts,Philadelphia Eagles,65878,-10.5,44.5
2006,2006-11-27T18:30:00Z,ESPN,Seattle Seahawks,Green Bay Packers,66579,-10,42
2006,2006-11-30T18:00:00Z,NFLN,Cincinnati Bengals,Baltimore Ravens,14903,-3,41.5
2006,2006-12-03T11:00:00Z,FOX,New Orleans Saints,San Francisco 49ers,49856,-7,45
2006,2006-12-03T14:30:00Z,FOX,New York Giants,Dallas Cowboys,81961,3.5,43.5
2006,2006-12-03T11:00:00Z,CBS,Buffalo Bills,San Diego Chargers,39127,5.5,40
2006,2006-12-03T18:00:00Z,NBC,Denver Broncos,Seattle Seahawks,85832,-4.5,40.5
2006,2006-12-04T18:30:00Z,ESPN,Philadelphia Eagles,Carolina Panthers,46189,3,37.5
2006,2006-12-07T18:00:00Z,NFLN,Pittsburgh Steelers,Cleveland Browns,10435,-7,34
2006,2006-12-10T14:00:00Z,FOX,San Francisco 49ers,Green Bay Packers,48988,-4,44
2006,2006-12-10T11:00:00Z,CBS,Kansas City Chiefs,Baltimore Ravens,64241,-3,37
2006,2006-12-10T14:15:00Z,CBS,San Diego Chargers,Denver Broncos,98363,-7.5,41
2006,2006-12-10T18:00:00Z,NBC,Dallas Cowboys,New Orleans Saints,81083,-7.5,47.5
2006,2006-12-11T18:30:00Z,ESPN,St. Louis Rams,Chicago Bears,49909,6,41.5
2006,2006-12-14T18:15:00Z,NFLN,Seattle Seahawks,San Francisco 49ers,15636,-10,37.5
2006,2006-12-16T18:00:00Z,NFLN,Atlanta Falcons,Dallas Cowboys,17183,4,45.5
2006,2006-12-17T11:00:00Z,FOX,New Orleans Saints,Washington Redskins,62532,-10,47
2006,2006-12-17T14:15:00Z,FOX,New York Giants,Philadelphia Eagles,55186,-5.5,45.5
2006,2006-12-17T14:00:00Z,CBS,Arizona Cardinals,Denver Broncos,46957,3,43.5
2006,2006-12-17T18:30:00Z,NBC,San Diego Chargers,Kansas City Chiefs,81498,-9,47.5
2006,2006-12-18T18:30:00Z,ESPN,Indianapolis Colts,Cincinnati Bengals,53509,-3.5,54.5
2006,2006-12-21T18:00:00Z,NFLN,Green Bay Packers,Minnesota Vikings,14434,-4,38
2006,2006-12-23T18:00:00Z,NFLN,Oakland Raiders,Kansas City Chiefs,5129,7,36.5
2006,2006-12-24T11:00:00Z,FOX,New York Giants,New Orleans Saints,53114,-3,47.5
2006,2006-12-24T11:00:00Z,CBS,Jacksonville Jaguars,New England Patriots,35101,-3,37
2006,2006-12-24T14:15:00Z,CBS,Denver Broncos,Cincinnati Bengals,90461,-3,44.5
2006,2006-12-25T18:30:00Z,ESPN,Miami Dolphins,New York Jets,40661,-2,36.5
2006,2006-12-25T15:15:00Z,NBC,Dallas Cowboys,Philadelphia Eagles,72473,-7,47.5
2006,2006-12-30T18:00:00Z,NFLN,Washington Redskins,New York Giants,16924,2,42.5
2006,2006-12-31T11:00:00Z,FOX,Dallas Cowboys,Detroit Lions,42250,-13.5,45
2006,2006-12-31T14:30:00Z,FOX,Denver Broncos,San Francisco 49ers,98072,-11,40
2006,2006-12-31T11:00:00Z,CBS,Kansas City Chiefs,Jacksonville Jaguars,42174,-2.5,36.5
2006,2006-12-31T14:15:00Z,CBS,Indianapolis Colts,Miami Dolphins,46570,-9,43.5
2006,2006-12-31T18:00:00Z,NBC,Chicago Bears,Green Bay Packers,65341,-3.5,38.5
2006,2007-01-06T14:30:00Z,NBC,Indianapolis Colts,Kansas City Chiefs,82073,NA,NA
2006,2007-01-06T18:00:00Z,NBC,Seattle Seahawks,Dallas Cowboys,129406,NA,NA
2006,2007-01-07T14:45:00Z,FOX,Philadelphia Eagles,New York Giants,112681,NA,NA
2006,2007-01-07T11:00:00Z,CBS,New England Patriots,New York Jets,80223,NA,NA
2006,2007-01-13T18:15:00Z,FOX,New Orleans Saints,Philadelphia Eagles,120400,NA,NA
2006,2007-01-13T14:30:00Z,CBS,Baltimore Ravens,Indianapolis Colts,97169,NA,NA
2006,2007-01-14T11:00:00Z,FOX,Chicago Bears,Seattle Seahawks,103559,NA,NA
2006,2007-01-14T14:45:00Z,CBS,San Diego Chargers,New England Patriots,139644,NA,NA
2006,2007-01-21T13:00:00Z,FOX,Chicago Bears,New Orleans Saints,147796,NA,NA
2006,2007-01-21T16:45:00Z,CBS,Indianapolis Colts,New England Patriots,175915,NA,NA
2006,2007-02-04T16:30:00Z,CBS,Chicago Bears,Indianapolis Colts,322779,NA,NA
2007,2007-08-05T18:00:00Z,NFLN,Pittsburgh Steelers,New Orleans Saints,10515,NA,NA
2007,2007-08-09T19:00:00Z,FOX,Dallas Cowboys,Indianapolis Colts,36111,NA,NA
2007,2007-08-10T19:00:00Z,CBS,New Orleans Saints,Buffalo Bills,23091,NA,NA
2007,2007-08-11T18:00:00Z,NFLN,Tennessee Titans,Washington Redskins,7942,NA,NA
2007,2007-08-12T18:00:00Z,NBC,San Diego Chargers,Seattle Seahawks,38878,NA,NA
2007,2007-08-13T18:00:00Z,ESPN,San Francisco 49ers,Denver Broncos,27312,NA,NA
2007,2007-08-16T18:00:00Z,ESPN,Kansas City Chiefs,Miami Dolphins,16583,NA,NA
2007,2007-08-17T18:15:00Z,FOX,New York Jets,Minnesota Vikings,22382,NA,NA
2007,2007-08-18T18:00:00Z,CBS,St. Louis Rams,San Diego Chargers,37387,NA,NA
2007,2007-08-19T18:15:00Z,NBC,Baltimore Ravens,New York Giants,33532,NA,NA
2007,2007-08-20T18:00:00Z,ESPN,Indianapolis Colts,Chicago Bears,25288,NA,NA
2007,2007-08-23T18:00:00Z,FOX,Green Bay Packers,Jacksonville Jaguars,30488,NA,NA
2007,2007-08-24T18:00:00Z,CBS,Carolina Panthers,New England Patriots,23919,NA,NA
2007,2007-08-25T20:00:00Z,NFLN,Arizona Cardinals,San Diego Chargers,6189,NA,NA
2007,2007-08-26T18:15:00Z,NBC,Pittsburgh Steelers,Philadelphia Eagles,42653,NA,NA
2007,2007-08-27T18:00:00Z,ESPN,Atlanta Falcons,Cincinnati Bengals,20582,NA,NA
2007,2007-08-30T17:00:00Z,NFLN,Detroit Lions,Buffalo Bills,3249,NA,NA
2007,2007-08-30T20:00:00Z,NFLN,San Diego Chargers,San Francisco 49ers,1830,NA,NA
2007,2007-08-31T17:30:00Z,NFLN,Cincinnati Bengals,Indianapolis Colts,502,NA,NA
2007,2007-09-06T18:30:00Z,NBC,Indianapolis Colts,New Orleans Saints,75409,-5.5,53.5
2007,2007-09-09T11:00:00Z,FOX,Green Bay Packers,Philadelphia Eagles,50659,3.5,42
2007,2007-09-09T14:15:00Z,FOX,San Diego Chargers,Chicago Bears,85816,-7,42.5
2007,2007-09-09T11:00:00Z,CBS,Buffalo Bills,Denver Broncos,42971,3,37.5
2007,2007-09-09T18:30:00Z,NBC,Dallas Cowboys,New York Giants,91079,-6.5,45
2007,2007-09-10T17:00:00Z,ESPN,Cincinnati Bengals,Baltimore Ravens,38607,-3,40.5
2007,2007-09-10T20:30:00Z,ESPN,San Francisco 49ers,Arizona Cardinals,50123,-3.5,47
2007,2007-09-16T11:00:00Z,FOX,St. Louis Rams,San Francisco 49ers,41039,-3,44.5
2007,2007-09-16T11:00:00Z,CBS,Tennessee Titans,Indianapolis Colts,41445,7,46
2007,2007-09-16T15:15:00Z,CBS,Denver Broncos,Oakland Raiders,82758,-9.5,37
2007,2007-09-16T18:30:00Z,NBC,New England Patriots,San Diego Chargers,70534,-3.5,46.5
2007,2007-09-17T18:30:00Z,ESPN,Philadelphia Eagles,Washington Redskins,57798,-7,39
2007,2007-09-23T11:00:00Z,FOX,Pittsburgh Steelers,San Francisco 49ers,71836,-10,37.5
2007,2007-09-23T14:15:00Z,FOX,Washington Redskins,New York Giants,51576,-3.5,42
2007,2007-09-23T14:00:00Z,CBS,Denver Broncos,Jacksonville Jaguars,60943,-3.5,36
2007,2007-09-23T18:30:00Z,NBC,Chicago Bears,Dallas Cowboys,83737,-3,41.5
2007,2007-09-24T18:30:00Z,ESPN,New Orleans Saints,Tennessee Titans,58337,-4.5,46.5
2007,2007-09-30T14:00:00Z,FOX,San Francisco 49ers,Seattle Seahawks,33788,2,41
2007,2007-09-30T11:30:00Z,CBS,Miami Dolphins,Oakland Raiders,66084,-3.5,39.5
2007,2007-09-30T14:30:00Z,CBS,Indianapolis Colts,Denver Broncos,65431,-10,46.5
2007,2007-09-30T18:30:00Z,NBC,New York Giants,Philadelphia Eagles,64589,2.5,47.5
2007,2007-10-01T18:30:00Z,ESPN,Cincinnati Bengals,New England Patriots,45098,8.5,54.5
2007,2007-10-07T11:00:00Z,FOX,Pittsburgh Steelers,Seattle Seahawks,45570,-5,41.5
2007,2007-10-07T11:00:00Z,CBS,New England Patriots,Cleveland Browns,41653,-16,48
2007,2007-10-07T14:30:00Z,CBS,Denver Broncos,San Diego Chargers,74309,1,43
2007,2007-10-07T16:30:00Z,CBS,San Francisco 49ers,Baltimore Ravens,78407,4,35
2007,2007-10-07T18:30:00Z,NBC,Green Bay Packers,Chicago Bears,100866,-3.5,41
2007,2007-10-08T18:30:00Z,ESPN,Buffalo Bills,Dallas Cowboys,55691,11,45.5
2007,2007-10-14T11:00:00Z,FOX,Green Bay Packers,Washington Redskins,53089,-3,40
2007,2007-10-14T11:00:00Z,CBS,Tampa Bay Buccaneers,Tennessee Titans,26281,-2,37
2007,2007-10-14T14:15:00Z,CBS,Dallas Cowboys,New England Patriots,99887,5.5,52.5
2007,2007-10-14T18:30:00Z,NBC,Seattle Seahawks,New Orleans Saints,68925,-6,43
2007,2007-10-15T18:30:00Z,ESPN,Atlanta Falcons,New York Giants,40175,5.5,43.5
2007,2007-10-21T11:00:00Z,FOX,New York Giants,San Francisco 49ers,65516,-9.5,39
2007,2007-10-21T14:15:00Z,FOX,Dallas Cowboys,Minnesota Vikings,101716,-9.5,46
2007,2007-10-21T14:00:00Z,CBS,Oakland Raiders,Kansas City Chiefs,40694,-2.5,37.5
2007,2007-10-21T18:30:00Z,NBC,Denver Broncos,Pittsburgh Steelers,78099,4.5,38
2007,2007-10-22T18:30:00Z,ESPN,Jacksonville Jaguars,Indianapolis Colts,66098,3,45
2007,2007-10-28T11:00:00Z,FOX,Chicago Bears,Detroit Lions,37792,-6,45.5
2007,2007-10-28T14:15:00Z,FOX,New England Patriots,Washington Redskins,62956,-15,47
2007,2007-10-28T11:00:00Z,CBS,Cincinnati Bengals,Pittsburgh Steelers,42759,4,48.5
2007,2007-10-29T18:30:00Z,ESPN,Denver Broncos,Green Bay Packers,72595,-3,43.5
2007,2007-11-04T11:00:00Z,FOX,Kansas City Chiefs,Green Bay Packers,59632,-2.5,38
2007,2007-11-04T11:00:00Z,CBS,Detroit Lions,Denver Broncos,34738,-3,46.5
2007,2007-11-04T13:15:00Z,CBS,Minnesota Vikings,San Diego Chargers,52236,7,42
2007,2007-11-04T14:15:00Z,CBS,Indianapolis Colts,New England Patriots,133132,5.5,57
2007,2007-11-04T18:30:00Z,NBC,Philadelphia Eagles,Dallas Cowboys,72084,3.5,46.5
2007,2007-11-05T18:30:00Z,ESPN,Pittsburgh Steelers,Baltimore Ravens,57103,-9,36
2007,2007-11-11T11:00:00Z,FOX,Green Bay Packers,Minnesota Vikings,53543,-5.5,41
2007,2007-11-11T13:00:00Z,FOX,Washington Redskins,Philadelphia Eagles,68430,-2.5,38
2007,2007-11-11T14:15:00Z,FOX,New York Giants,Dallas Cowboys,106238,2,48.5
2007,2007-11-11T11:00:00Z,CBS,Kansas City Chiefs,Denver Broncos,47261,-3,37.5
2007,2007-11-11T18:30:00Z,NBC,San Diego Chargers,Indianapolis Colts,110356,3.5,48
2007,2007-11-12T18:30:00Z,ESPN,Seattle Seahawks,San Francisco 49ers,41863,-9,37.5
2007,2007-11-18T11:00:00Z,FOX,Green Bay Packers,Carolina Panthers,48748,-10,37.5
2007,2007-11-18T14:15:00Z,FOX,Dallas Cowboys,Washington Redskins,90188,-11,47
2007,2007-11-18T11:00:00Z,CBS,Jacksonville Jaguars,San Diego Chargers,30046,-3,40.5
2007,2007-11-18T18:30:00Z,NBC,Buffalo Bills,New England Patriots,68574,16.5,47
2007,2007-11-19T18:30:00Z,ESPN,Denver Broncos,Tennessee Titans,52036,-1,38.5
2007,2007-11-22T10:30:00Z,FOX,Detroit Lions,Green Bay Packers,100573,3,47.5
2007,2007-11-22T14:15:00Z,CBS,Dallas Cowboys,New York Jets,94503,-14.5,48
2007,2007-11-25T11:00:00Z,FOX,New York Giants,Minnesota Vikings,45794,-7,40.5
2007,2007-11-25T11:00:00Z,CBS,Kansas City Chiefs,Oakland Raiders,23179,-4,34.5
2007,2007-11-25T14:15:00Z,CBS,Chicago Bears,Denver Broncos,95677,-1,42
2007,2007-11-25T18:30:00Z,NBC,New England Patriots,Philadelphia Eagles,103759,-24.5,51.5
2007,2007-11-26T18:45:00Z,ESPN,Pittsburgh Steelers,Miami Dolphins,82851,-15.5,37.5
2007,2007-11-29T18:00:00Z,NFLN,Dallas Cowboys,Green Bay Packers,39990,-7,51.5
2007,2007-12-02T11:00:00Z,FOX,Philadelphia Eagles,Seattle Seahawks,61476,-3,41
2007,2007-12-02T14:15:00Z,FOX,Chicago Bears,New York Giants,80321,1.5,39.5
2007,2007-12-02T14:00:00Z,CBS,Oakland Raiders,Denver Broncos,53246,4,42
2007,2007-12-02T18:30:00Z,NBC,Pittsburgh Steelers,Cincinnati Bengals,76981,-7,40.5
2007,2007-12-03T18:30:00Z,ESPN,Baltimore Ravens,New England Patriots,69191,19,46.5
2007,2007-12-06T18:00:00Z,NFLN,Washington Redskins,Chicago Bears,25921,-3,39.5
2007,2007-12-09T11:00:00Z,FOX,Detroit Lions,Dallas Cowboys,53079,10.5,51
2007,2007-12-09T11:00:00Z,CBS,Tennessee Titans,San Diego Chargers,47921,1.5,40
2007,2007-12-09T14:30:00Z,CBS,New England Patriots,Pittsburgh Steelers,122683,-11,49
2007,2007-12-09T18:30:00Z,NBC,Baltimore Ravens,Indianapolis Colts,56412,8.5,42
2007,2007-12-10T18:30:00Z,ESPN,Atlanta Falcons,New Orleans Saints,45954,4,44
2007,2007-12-13T18:00:00Z,NFLN,Houston Texans,Denver Broncos,19187,2.5,47.5
2007,2007-12-15T18:00:00Z,NFLN,San Francisco 49ers,Cincinnati Bengals,18255,9,42.5
2007,2007-12-16T11:00:00Z,FOX,St. Louis Rams,Green Bay Packers,78422,7,47
2007,2007-12-16T14:15:00Z,FOX,Dallas Cowboys,Philadelphia Eagles,94209,-10,49
2007,2007-12-16T14:00:00Z,CBS,Oakland Raiders,Indianapolis Colts,51380,10,45
2007,2007-12-16T18:30:00Z,NBC,New York Giants,Washington Redskins,64056,-6,36
2007,2007-12-17T18:30:00Z,ESPN,Minnesota Vikings,Chicago Bears,63118,-10.5,43.5
2007,2007-12-20T18:00:00Z,NFLN,St. Louis Rams,Pittsburgh Steelers,12263,8,43.5
2007,2007-12-22T18:00:00Z,NFLN,Carolina Panthers,Dallas Cowboys,11945,10.5,42.5
2007,2007-12-23T11:00:00Z,FOX,Chicago Bears,Green Bay Packers,59186,7.5,32
2007,2007-12-23T11:00:00Z,CBS,Indianapolis Colts,Houston Texans,26101,-7,45
2007,2007-12-23T13:15:00Z,CBS,Cincinnati Bengals,Cleveland Browns,25506,2.5,43.5
2007,2007-12-23T14:15:00Z,CBS,New England Patriots,Miami Dolphins,66337,-22,45
2007,2007-12-23T18:30:00Z,NBC,Minnesota Vikings,Washington Redskins,52691,-6,40.5
2007,2007-12-24T18:30:00Z,ESPN,San Diego Chargers,Denver Broncos,33616,-9.5,47.5
2007,2007-12-29T18:00:00Z,NFLN,New York Giants,New England Patriots,9991,13.5,47
2007,2007-12-30T11:00:00Z,FOX,Chicago Bears,New Orleans Saints,50871,-1,41.5
2007,2007-12-30T11:00:00Z,CBS,Houston Texans,Jacksonville Jaguars,22432,-7,42
2007,2007-12-30T14:15:00Z,FOX,Washington Redskins,Dallas Cowboys,61348,-9,38.5
2007,2007-12-30T14:15:00Z,CBS,Baltimore Ravens,Pittsburgh Steelers,38553,3.5,34.5
2007,2007-12-30T18:30:00Z,NBC,Indianapolis Colts,Tennessee Titans,69554,4.5,40.5
2007,2008-01-05T14:30:00Z,NBC,Seattle Seahawks,Washington Redskins,110564,2,38.5
2007,2008-01-05T18:15:00Z,NBC,Houston Texans,Jacksonville Jaguars,114635,-7,42
2007,2008-01-06T11:00:00Z,FOX,Tampa Bay Buccaneers,New York Giants,95922,NA,NA
2007,2008-01-06T14:30:00Z,CBS,San Diego Chargers,Tennessee Titans,106714,NA,NA
2007,2008-01-12T14:30:00Z,FOX,Green Bay Packers,Seattle Seahawks,114259,NA,NA
2007,2008-01-12T18:15:00Z,CBS,New England Patriots,Jacksonville Jaguars,110912,NA,NA
2007,2008-01-13T14:45:00Z,FOX,Dallas Cowboys,New York Giants,154981,NA,NA
2007,2008-01-13T11:00:00Z,CBS,Indianapolis Colts,San Diego Chargers,121698,NA,NA
2007,2008-01-20T16:45:00Z,FOX,Green Bay Packers,New York Giants,188204,NA,NA
2007,2008-01-20T13:00:00Z,CBS,New England Patriots,San Diego Chargers,163963,NA,NA
2007,2008-02-03T16:30:00Z,FOX,New England Patriots,New York Giants,321902,NA,NA
2008,2008-08-03T18:00:00Z,NBC,Indianapolis Colts,Washington Redskins,33113,NA,NA
2008,2008-08-07T18:00:00Z,ESPN,Arizona Cardinals,New Orleans Saints,11740,NA,NA
2008,2008-08-11T18:00:00Z,ESPN,Green Bay Packers,Cincinnati Bengals,12393,NA,NA
2008,2008-08-14T19:30:00Z,FOX,Philadelphia Eagles,Carolina Panthers,18030,NA,NA
2008,2008-08-17T18:00:00Z,NFLN,Tampa Bay Buccaneers,New England Patriots,7695,NA,NA
2008,2008-08-18T18:00:00Z,ESPN,New York Giants,Cleveland Browns,8552,NA,NA
2008,2008-08-21T18:00:00Z,FOX,Chicago Bears,San Francisco 49ers,17020,NA,NA
2008,2008-08-22T18:00:00Z,CBS,Dallas Cowboys,Houston Texans,17624,NA,NA
2008,2008-08-23T18:00:00Z,CBS,Minnesota Vikings,Pittsburgh Steelers,12812,NA,NA
2008,2008-08-24T18:00:00Z,NFLN,Indianapolis Colts,Buffalo Bills,5490,NA,NA
2008,2008-08-25T18:00:00Z,ESPN,San Diego Chargers,Seattle Seahawks,20802,NA,NA
2008,2008-08-28T17:00:00Z,NBC,Washington Redskins,Jacksonville Jaguars,21013,NA,NA
2008,2008-09-04T17:00:00Z,NBC,New York Giants,Washington Redskins,51516,-4.5,41
2008,2008-09-07T11:00:00Z,FOX,Buffalo Bills,Seattle Seahawks,28255,-1.5,37.5
2008,2008-09-07T14:15:00Z,FOX,Cleveland Browns,Dallas Cowboys,80314,6,48.5
2008,2008-09-07T11:00:00Z,CBS,Miami Dolphins,New York Jets,56438,3,37
2008,2008-09-07T18:30:00Z,NBC,Indianapolis Colts,Chicago Bears,90403,-10.5,43
2008,2008-09-08T17:00:00Z,ESPN,Green Bay Packers,Minnesota Vikings,54031,-2.5,37.5
2008,2008-09-08T20:20:00Z,ESPN,Oakland Raiders,Denver Broncos,69217,3,40.5
2008,2008-09-14T11:00:00Z,FOX,Carolina Panthers,Chicago Bears,26000,-3,37
2008,2008-09-14T11:00:00Z,CBS,Minnesota Vikings,Indianapolis Colts,47439,1.5,43.5
2008,2008-09-14T14:15:00Z,CBS,Denver Broncos,San Diego Chargers,92140,-1,46
2008,2008-09-14T18:30:00Z,NBC,Cleveland Browns,Pittsburgh Steelers,76060,6.5,43.5
2008,2008-09-15T18:30:00Z,ESPN,Dallas Cowboys,Philadelphia Eagles,66944,-6.5,46.5
2008,2008-09-21T11:00:00Z,CBS,New York Giants,Cincinnati Bengals,55042,-13,42
2008,2008-09-21T14:00:00Z,FOX,Denver Broncos,New Orleans Saints,55975,-5.5,51.5
2008,2008-09-21T14:30:00Z,CBS,Philadelphia Eagles,Pittsburgh Steelers,47402,-3.5,44.5
2008,2008-09-21T18:30:00Z,NBC,Green Bay Packers,Dallas Cowboys,101184,3,50.5
2008,2008-09-22T18:30:00Z,ESPN,San Diego Chargers,New York Jets,57945,-8,46.5
2008,2008-09-28T11:00:00Z,FOX,Tampa Bay Buccaneers,Green Bay Packers,40860,-2,43
2008,2008-09-28T11:00:00Z,CBS,Kansas City Chiefs,Denver Broncos,39683,9,47
2008,2008-09-28T14:15:00Z,FOX,Dallas Cowboys,Washington Redskins,95836,-10.5,46.5
2008,2008-09-28T18:30:00Z,NBC,Chicago Bears,Philadelphia Eagles,93572,3,39
2008,2008-09-29T18:30:00Z,ESPN,Pittsburgh Steelers,Baltimore Ravens,57447,-6,34.5
2008,2008-10-05T11:00:00Z,CBS,Miami Dolphins,San Diego Chargers,80574,6,44.5
2008,2008-10-05T14:00:00Z,FOX,Denver Broncos,Tampa Bay Buccaneers,52339,3.5,47
2008,2008-10-05T14:15:00Z,CBS,San Francisco 49ers,New England Patriots,58781,3,41
2008,2008-10-05T18:30:00Z,NBC,Jacksonville Jaguars,Pittsburgh Steelers,84806,-5.5,38
2008,2008-10-06T18:30:00Z,ESPN,New Orleans Saints,Minnesota Vikings,60608,-3,47
2008,2008-10-12T11:00:00Z,FOX,Atlanta Falcons,Chicago Bears,53341,3,43
2008,2008-10-12T14:15:00Z,FOX,Arizona Cardinals,Dallas Cowboys,124799,5,53.5
2008,2008-10-12T11:00:00Z,CBS,New Orleans Saints,Oakland Raiders,37289,-7,47
2008,2008-10-12T13:15:00Z,CBS,New York Jets,Cincinnati Bengals,29930,-9.5,43
2008,2008-10-12T18:30:00Z,NBC,San Diego Chargers,New England Patriots,81268,-6,44.5
2008,2008-10-13T18:30:00Z,ESPN,Cleveland Browns,New York Giants,52543,7.5,43
2008,2008-10-19T11:00:00Z,FOX,New York Giants,San Francisco 49ers,46860,-10.5,46.5
2008,2008-10-19T11:00:00Z,CBS,Cincinnati Bengals,Pittsburgh Steelers,32164,8,36
2008,2008-10-19T12:45:00Z,CBS,Buffalo Bills,San Diego Chargers,38764,0,44.5
2008,2008-10-19T14:15:00Z,CBS,Green Bay Packers,Indianapolis Colts,85890,2.5,47
2008,2008-10-19T18:30:00Z,NBC,Tampa Bay Buccaneers,Seattle Seahawks,62818,-11.5,40
2008,2008-10-20T18:30:00Z,ESPN,New England Patriots,Denver Broncos,63173,-3,48
2008,2008-10-26T11:00:00Z,FOX,Dallas Cowboys,Tampa Bay Buccaneers,65397,-1.5,40.5
2008,2008-10-26T11:00:00Z,CBS,New Orleans Saints,San Diego Chargers,36345,3,46
2008,2008-10-26T14:15:00Z,FOX,Pittsburgh Steelers,New York Giants,117708,-3,41
2008,2008-10-27T18:30:00Z,ESPN,Tennessee Titans,Indianapolis Colts,51367,-4,41
2008,2008-11-02T11:00:00Z,FOX,Tennessee Titans,Green Bay Packers,95843,-3.5,41
2008,2008-11-02T14:15:00Z,FOX,New York Giants,Dallas Cowboys,110623,-8.5,42
2008,2008-11-02T14:00:00Z,CBS,Denver Broncos,Miami Dolphins,63962,-4,50
2008,2008-11-02T18:30:00Z,NBC,Indianapolis Colts,New England Patriots,97494,-6.5,44.5
2008,2008-11-03T18:30:00Z,ESPN,Washington Redskins,Pittsburgh Steelers,63626,-2.5,37.5
2008,2008-11-06T18:00:00Z,NFLN,Cleveland Browns,Denver Broncos,18237,-3,47
2008,2008-11-09T11:00:00Z,FOX,Minnesota Vikings,Green Bay Packers,53985,-2.5,44.5
2008,2008-11-09T11:00:00Z,CBS,Chicago Bears,Tennessee Titans,58266,3,37
2008,2008-11-09T14:15:00Z,CBS,Pittsburgh Steelers,Indianapolis Colts,103376,-3,39
2008,2008-11-09T18:30:00Z,NBC,Philadelphia Eagles,New York Giants,109857,-3,43
2008,2008-11-10T18:30:00Z,ESPN,Arizona Cardinals,San Francisco 49ers,74657,-10,47.5
2008,2008-11-13T18:00:00Z,NFLN,New England Patriots,New York Jets,26429,-3,40.5
2008,2008-11-16T11:00:00Z,FOX,Green Bay Packers,Chicago Bears,57402,-3.5,43
2008,2008-11-16T11:00:00Z,CBS,Atlanta Falcons,Denver Broncos,50187,-6.5,51.5
2008,2008-11-16T14:15:00Z,CBS,Pittsburgh Steelers,San Diego Chargers,102931,-4.5,40.5
2008,2008-11-16T18:30:00Z,NBC,Washington Redskins,Dallas Cowboys,109016,2,43
2008,2008-11-17T18:30:00Z,ESPN,Buffalo Bills,Denver Broncos,51391,-5,40.5
2008,2008-11-20T18:00:00Z,NFLN,Pittsburgh Steelers,Cincinnati Bengals,14756,-11.5,34.5
2008,2008-11-23T11:00:00Z,FOX,Dallas Cowboys,San Francisco 49ers,75024,-9.5,46
2008,2008-11-23T14:15:00Z,FOX,Arizona Cardinals,New York Giants,82320,3,48.5
2008,2008-11-23T14:00:00Z,CBS,Denver Broncos,Oakland Raiders,45726,-8.5,43.5
2008,2008-11-23T18:30:00Z,NBC,San Diego Chargers,Indianapolis Colts,92958,-3,49.5
2008,2008-11-24T18:30:00Z,ESPN,New Orleans Saints,Green Bay Packers,52376,0,52
2008,2008-11-27T14:30:00Z,FOX,Dallas Cowboys,Seattle Seahawks,75029,-12,46.5
2008,2008-11-27T10:45:00Z,CBS,Detroit Lions,Tennessee Titans,74889,11,44
2008,2008-11-27T18:00:00Z,NFLN,Philadelphia Eagles,Arizona Cardinals,15633,-3,49
2008,2008-11-30T11:00:00Z,FOX,Washington Redskins,New York Giants,42563,3.5,41
2008,2008-11-30T11:00:00Z,CBS,Cleveland Browns,Indianapolis Colts,36747,4.5,43.5
2008,2008-11-30T14:15:00Z,CBS,New York Jets,Denver Broncos,104199,-7.5,48
2008,2008-11-30T18:30:00Z,NBC,Minnesota Vikings,Chicago Bears,90869,-5,42
2008,2008-12-01T18:30:00Z,ESPN,Houston Texans,Jacksonville Jaguars,47851,-3,48.5
2008,2008-12-04T18:00:00Z,NFLN,San Diego Chargers,Oakland Raiders,11168,-9.5,41
2008,2008-12-07T11:00:00Z,FOX,New York Giants,Philadelphia Eagles,73722,-6.5,40.5
2008,2008-12-07T14:15:00Z,FOX,Pittsburgh Steelers,Dallas Cowboys,99172,-4,38.5
2008,2008-12-07T14:00:00Z,CBS,San Francisco 49ers,New York Jets,31280,4.5,45
2008,2008-12-07T18:30:00Z,NBC,Baltimore Ravens,Washington Redskins,73149,-6.5,35
2008,2008-12-08T18:30:00Z,ESPN,Carolina Panthers,Tampa Bay Buccaneers,54010,-3,40
2008,2008-12-11T18:00:00Z,NFLN,Chicago Bears,New Orleans Saints,12736,-3,46
2008,2008-12-14T11:00:00Z,FOX,Atlanta Falcons,Tampa Bay Buccaneers,30416,-5.5,43.5
2008,2008-12-14T11:00:00Z,CBS,New York Jets,Buffalo Bills,50933,-8,41.5
2008,2008-12-14T14:15:00Z,CBS,Carolina Panthers,Denver Broncos,93437,-8,48
2008,2008-12-14T18:30:00Z,NBC,Dallas Cowboys,New York Giants,100786,-3,46.5
2008,2008-12-15T18:30:00Z,ESPN,Philadelphia Eagles,Cleveland Browns,34207,-15.5,40
2008,2008-12-18T18:00:00Z,NFLN,Jacksonville Jaguars,Indianapolis Colts,15055,6,43.5
2008,2008-12-20T18:00:00Z,NFLN,Dallas Cowboys,Baltimore Ravens,17587,-5.5,39
2008,2008-12-21T11:00:00Z,FOX,New England Patriots,Arizona Cardinals,56240,-8,41.5
2008,2008-12-21T14:15:00Z,FOX,Minnesota Vikings,Atlanta Falcons,53348,-3,43.5
2008,2008-12-21T14:00:00Z,CBS,Denver Broncos,Buffalo Bills,53081,-6.5,46.5
2008,2008-12-21T18:30:00Z,NBC,New York Giants,Carolina Panthers,85831,-4,38
2008,2008-12-22T18:30:00Z,ESPN,Chicago Bears,Green Bay Packers,57772,-4,41
2008,2008-12-28T11:00:00Z,FOX,Minnesota Vikings,New York Giants,43353,-7,41
2008,2008-12-28T14:15:00Z,FOX,Philadelphia Eagles,Dallas Cowboys,78350,-2,41
2008,2008-12-28T11:00:00Z,CBS,Buffalo Bills,New England Patriots,29503,5.5,34.5
2008,2008-12-28T14:15:00Z,CBS,New York Jets,Miami Dolphins,69218,-2.5,43
2008,2008-12-28T18:30:00Z,NBC,San Diego Chargers,Denver Broncos,95826,-7,50.5
2008,2009-01-03T14:30:00Z,NBC,Arizona Cardinals,Atlanta Falcons,78446,NA,NA
2008,2009-01-03T18:15:00Z,NBC,San Diego Chargers,Indianapolis Colts,124440,NA,NA
2008,2009-01-04T14:45:00Z,FOX,Minnesota Vikings,Philadelphia Eagles,148882,NA,NA
2008,2009-01-04T11:00:00Z,CBS,Miami Dolphins,Baltimore Ravens,81647,NA,NA
2008,2009-01-10T18:15:00Z,FOX,Carolina Panthers,Arizona Cardinals,92860,NA,NA
2008,2009-01-10T14:30:00Z,CBS,Tennessee Titans,Baltimore Ravens,83954,NA,NA
2008,2009-01-11T11:00:00Z,FOX,New York Giants,Philadelphia Eagles,113706,NA,NA
2008,2009-01-11T14:45:00Z,CBS,Pittsburgh Steelers,San Diego Chargers,146250,NA,NA
2008,2009-01-18T13:00:00Z,FOX,Arizona Cardinals,Philadelphia Eagles,141156,NA,NA
2008,2009-01-18T16:45:00Z,CBS,Pittsburgh Steelers,Baltimore Ravens,162361,NA,NA
2008,2009-02-01T16:30:00Z,NBC,Pittsburgh Steelers,Arizona Cardinals,329418,NA,NA
2009,2009-08-09T18:00:00Z,NBC,Tennessee Titans,Buffalo Bills,26339,NA,NA
2009,2009-08-13T18:00:00Z,ESPN,Pittsburgh Steelers,Arizona Cardinals,21318,NA,NA
2009,2009-08-14T17:00:00Z,NFLN,New York Jets,St. Louis Rams,2201,NA,NA
2009,2009-08-14T20:00:00Z,NFLN,San Francisco 49ers,Denver Broncos,7600,NA,NA
2009,2009-08-15T14:00:00Z,NFLN,Detroit Lions,Atlanta Falcons,9850,NA,NA
2009,2009-08-15T17:15:00Z,NFLN,Buffalo Bills,Chicago Bears,8669,NA,NA
2009,2009-08-15T20:00:00Z,NFLN,San Diego Chargers,Seattle Seahawks,7971,NA,NA
2009,2009-08-17T18:00:00Z,ESPN,New York Giants,Carolina Panthers,19826,NA,NA
2009,2009-08-20T18:00:00Z,FOX,Indianapolis Colts,Philadelphia Eagles,36300,NA,NA
2009,2009-08-21T18:00:00Z,FOX,Dallas Cowboys,Tennessee Titans,29428,NA,NA
2009,2009-08-22T17:30:00Z,NFLN,Washington Redskins,Pittsburgh Steelers,7071,NA,NA
2009,2009-08-22T20:45:00Z,NFLN,Seattle Seahawks,Denver Broncos,12176,NA,NA
2009,2009-08-24T18:00:00Z,ESPN,Baltimore Ravens,New York Jets,23083,NA,NA
2009,2009-08-27T19:45:00Z,FOX,Tampa Bay Buccaneers,Miami Dolphins,27417,NA,NA
2009,2009-08-28T18:00:00Z,CBS,Washington Redskins,New England Patriots,28792,NA,NA
2009,2009-08-29T11:00:00Z,NFLN,Detroit Lions,Indianapolis Colts,7846,NA,NA
2009,2009-08-29T14:00:00Z,NFLN,Oakland Raiders,New Orleans Saints,13123,NA,NA
2009,2009-08-29T18:00:00Z,CBS,Atlanta Falcons,San Diego Chargers,19723,NA,NA
2009,2009-08-30T18:00:00Z,NBC,Denver Broncos,Chicago Bears,58474,NA,NA
2009,2009-08-31T18:00:00Z,ESPN,Houston Texans,Minnesota Vikings,25291,NA,NA
2009,2009-09-03T17:00:00Z,NFLN,New York Jets,Philadelphia Eagles,7941,NA,NA
2009,2009-09-03T20:00:00Z,NFLN,Seattle Seahawks,Oakland Raiders,7393,NA,NA
2009,2009-09-04T18:00:00Z,NFLN,Minnesota Vikings,Dallas Cowboys,4007,NA,NA
2009,2009-09-10T18:30:00Z,NBC,Pittsburgh Steelers,Tennessee Titans,100283,-6.5,36
2009,2009-09-13T11:00:00Z,FOX,Cleveland Browns,Minnesota Vikings,31156,4,40
2009,2009-09-13T14:15:00Z,FOX,New York Giants,Washington Redskins,52528,-6.5,37
2009,2009-09-13T11:00:00Z,CBS,Cincinnati Bengals,Denver Broncos,38013,-4.5,41
2009,2009-09-13T18:30:00Z,NBC,Green Bay Packers,Chicago Bears,95458,-4.5,47
2009,2009-09-14T17:00:00Z,ESPN,New England Patriots,Buffalo Bills,54747,-13,47.5
2009,2009-09-14T20:15:00Z,ESPN,Oakland Raiders,San Diego Chargers,79374,10.5,43
2009,2009-09-20T11:00:00Z,FOX,Philadelphia Eagles,New Orleans Saints,42494,3,46
2009,2009-09-20T11:00:00Z,CBS,Kansas City Chiefs,Oakland Raiders,32660,-2.5,39.5
2009,2009-09-20T14:15:00Z,CBS,Denver Broncos,Cleveland Browns,78300,-3,38.5
2009,2009-09-20T18:30:00Z,NBC,Dallas Cowboys,New York Giants,94644,-3,45
2009,2009-09-21T18:30:00Z,ESPN,Miami Dolphins,Indianapolis Colts,60473,3,41.5
2009,2009-09-27T11:00:00Z,FOX,New England Patriots,Atlanta Falcons,39907,-4.5,45.5
2009,2009-09-27T11:00:00Z,CBS,Philadelphia Eagles,Kansas City Chiefs,40617,-7.5,38.5
2009,2009-09-27T13:15:00Z,CBS,New York Jets,Tennessee Titans,23984,-1,36
2009,2009-09-27T14:15:00Z,CBS,Oakland Raiders,Denver Broncos,67865,2.5,38
2009,2009-09-27T18:30:00Z,NBC,Arizona Cardinals,Indianapolis Colts,98414,-3,49.5
2009,2009-09-28T18:30:00Z,ESPN,Dallas Cowboys,Carolina Panthers,65855,-8.5,48.5
2009,2009-10-04T11:00:00Z,FOX,Indianapolis Colts,Seattle Seahawks,78575,-10,43.5
2009,2009-10-04T14:15:00Z,FOX,Denver Broncos,Dallas Cowboys,74568,2.5,43.5
2009,2009-10-04T14:00:00Z,CBS,New Orleans Saints,New York Jets,38669,-7.5,47
2009,2009-10-04T18:30:00Z,NBC,Pittsburgh Steelers,San Diego Chargers,108765,-5.5,43.5
2009,2009-10-05T18:30:00Z,ESPN,Minnesota Vikings,Green Bay Packers,108848,-4.5,46.5
2009,2009-10-11T11:00:00Z,FOX,Kansas City Chiefs,Dallas Cowboys,55403,7,43.5
2009,2009-10-11T11:00:00Z,CBS,Baltimore Ravens,Cincinnati Bengals,27716,-9,42.5
2009,2009-10-11T14:15:00Z,CBS,Denver Broncos,New England Patriots,108065,3,41.5
2009,2009-10-11T18:30:00Z,NBC,Tennessee Titans,Indianapolis Colts,94239,4,44.5
2009,2009-10-12T18:30:00Z,ESPN,Miami Dolphins,New York Jets,68258,3,36.5
2009,2009-10-18T11:00:00Z,FOX,New Orleans Saints,New York Giants,51055,-3,47.5
2009,2009-10-18T11:00:00Z,CBS,Minnesota Vikings,Baltimore Ravens,63501,-3,45.5
2009,2009-10-18T14:30:00Z,CBS,New England Patriots,Tennessee Titans,82748,-9,38.5
2009,2009-10-18T16:15:00Z,CBS,New York Jets,Buffalo Bills,91008,-9.5,35.5
2009,2009-10-18T18:30:00Z,NBC,Atlanta Falcons,Chicago Bears,83717,-4,46.5
2009,2009-10-19T18:30:00Z,ESPN,San Diego Chargers,Denver Broncos,90471,-3.5,45
2009,2009-10-25T11:00:00Z,FOX,Pittsburgh Steelers,Minnesota Vikings,89247,-6,46.5
2009,2009-10-25T14:15:00Z,FOX,Dallas Cowboys,Atlanta Falcons,98027,-5,48
2009,2009-10-25T11:00:00Z,CBS,Tampa Bay Buccaneers,New England Patriots,10990,15.5,44.5
2009,2009-10-25T18:30:00Z,NBC,New York Giants,Arizona Cardinals,83245,-8,47
2009,2009-10-26T18:30:00Z,ESPN,Washington Redskins,Philadelphia Eagles,62068,8.5,38
2009,2009-11-01T11:00:00Z,FOX,Indianapolis Colts,San Francisco 49ers,86285,-13,45
2009,2009-11-01T11:00:00Z,CBS,Baltimore Ravens,Denver Broncos,40968,-4.5,42.5
2009,2009-11-01T14:15:00Z,FOX,Green Bay Packers,Minnesota Vikings,119616,-3.5,47.5
2009,2009-11-02T18:30:00Z,ESPN,New Orleans Saints,Atlanta Falcons,68932,-11,56
2009,2009-11-08T11:00:00Z,FOX,Chicago Bears,Arizona Cardinals,38580,-2,45
2009,2009-11-08T13:00:00Z,FOX,Tampa Bay Buccaneers,Green Bay Packers,44977,10,43
2009,2009-11-08T11:00:00Z,CBS,Indianapolis Colts,Houston Texans,59519,-7.5,50.5
2009,2009-11-08T14:15:00Z,CBS,New York Giants,San Diego Chargers,84111,-5,48.5
2009,2009-11-08T18:30:00Z,NBC,Philadelphia Eagles,Dallas Cowboys,100740,-3,49.5
2009,2009-11-09T18:30:00Z,ESPN,Denver Broncos,Pittsburgh Steelers,75345,3,41.5
2009,2009-11-12T18:30:00Z,NFLN,San Francisco 49ers,Chicago Bears,19585,-3,43
2009,2009-11-15T11:00:00Z,FOX,Minnesota Vikings,Detroit Lions,51405,-17,47.5
2009,2009-11-15T14:30:00Z,FOX,Green Bay Packers,Dallas Cowboys,85799,3,48
2009,2009-11-15T11:00:00Z,CBS,Washington Redskins,Denver Broncos,57698,3.5,36.5
2009,2009-11-15T18:30:00Z,NBC,Indianapolis Colts,New England Patriots,135314,-2,49
2009,2009-11-16T18:30:00Z,ESPN,Cleveland Browns,Baltimore Ravens,57817,11,39.5
2009,2009-11-19T18:15:00Z,NFLN,Carolina Panthers,Miami Dolphins,12058,-3.5,42
2009,2009-11-22T11:00:00Z,FOX,Dallas Cowboys,Washington Redskins,42227,-10.5,41.5
2009,2009-11-22T11:00:00Z,CBS,Baltimore Ravens,Indianapolis Colts,77813,1.5,44.5
2009,2009-11-22T14:15:00Z,CBS,Denver Broncos,San Diego Chargers,91614,6,41.5
2009,2009-11-22T18:30:00Z,NBC,Chicago Bears,Philadelphia Eagles,93284,3.5,47
2009,2009-11-23T18:30:00Z,ESPN,Houston Texans,Tennessee Titans,60147,-3.5,48
2009,2009-11-26T10:30:00Z,FOX,Detroit Lions,Green Bay Packers,89654,11.5,48.5
2009,2009-11-26T14:15:00Z,CBS,Dallas Cowboys,Oakland Raiders,78987,-13.5,40.5
2009,2009-11-26T18:15:00Z,NFLN,Denver Broncos,New York Giants,27602,4.5,43.5
2009,2009-11-29T11:00:00Z,FOX,Philadelphia Eagles,Washington Redskins,23640,-10,40.5
2009,2009-11-29T14:15:00Z,FOX,Minnesota Vikings,Chicago Bears,92720,-10.5,47
2009,2009-11-29T11:00:00Z,CBS,Houston Texans,Indianapolis Colts,70882,3,48
2009,2009-11-29T18:30:00Z,NBC,Baltimore Ravens,Pittsburgh Steelers,102546,-7.5,35
2009,2009-11-30T18:30:00Z,ESPN,New Orleans Saints,New England Patriots,88470,-2,57.5
2009,2009-12-03T18:00:00Z,NFLN,Buffalo Bills,New York Jets,11484,3.5,37
2009,2009-12-06T11:00:00Z,FOX,Washington Redskins,New Orleans Saints,67909,9,47
2009,2009-12-06T15:00:00Z,FOX,New York Giants,Dallas Cowboys,120708,1.5,45.5
2009,2009-12-06T11:00:00Z,CBS,Indianapolis Colts,Tennessee Titans,51377,-6,47
2009,2009-12-06T18:30:00Z,NBC,Arizona Cardinals,Minnesota Vikings,95414,3.5,48.5
2009,2009-12-07T18:30:00Z,ESPN,Green Bay Packers,Baltimore Ravens,53649,-3.5,43
2009,2009-12-10T18:00:00Z,NFLN,Cleveland Browns,Pittsburgh Steelers,25812,9.5,34
2009,2009-12-13T11:00:00Z,FOX,Atlanta Falcons,New Orleans Saints,45109,10,50
2009,2009-12-13T11:00:00Z,CBS,Indianapolis Colts,Denver Broncos,73518,-6.5,43.5
2009,2009-12-13T14:15:00Z,CBS,Dallas Cowboys,San Diego Chargers,112299,-3.5,49
2009,2009-12-13T18:30:00Z,NBC,New York Giants,Philadelphia Eagles,86363,1,43
2009,2009-12-14T18:30:00Z,ESPN,San Francisco 49ers,Arizona Cardinals,67675,4,45
2009,2009-12-17T18:00:00Z,NFLN,Jacksonville Jaguars,Indianapolis Colts,41029,3,43
2009,2009-12-19T18:00:00Z,NFLN,New Orleans Saints,Dallas Cowboys,43405,-7.5,53.5
2009,2009-12-20T11:00:00Z,FOX,New York Jets,Atlanta Falcons,70190,-5.5,36
2009,2009-12-20T14:15:00Z,FOX,Pittsburgh Steelers,Green Bay Packers,67698,-3,42
2009,2009-12-20T14:00:00Z,CBS,Denver Broncos,Oakland Raiders,63103,-14,37
2009,2009-12-20T18:30:00Z,NBC,Carolina Panthers,Minnesota Vikings,88041,8.5,42.5
2009,2009-12-21T18:30:00Z,ESPN,Washington Redskins,New York Giants,51801,3,44
2009,2009-12-25T17:30:00Z,NFLN,Tennessee Titans,San Diego Chargers,33804,-1.5,47.5
2009,2009-12-27T11:00:00Z,FOX,New York Giants,Carolina Panthers,31608,-8.5,42.5
2009,2009-12-27T11:00:00Z,CBS,Pittsburgh Steelers,Baltimore Ravens,57601,-3,43
2009,2009-12-27T14:15:00Z,CBS,Philadelphia Eagles,Denver Broncos,93249,-7,43.5
2009,2009-12-27T18:30:00Z,NBC,Washington Redskins,Dallas Cowboys,79785,7,42
2009,2009-12-28T18:30:00Z,ESPN,Chicago Bears,Minnesota Vikings,84594,8.5,41.5
2009,2010-01-03T11:00:00Z,FOX,Minnesota Vikings,New York Giants,56557,-8,48
2009,2010-01-03T14:15:00Z,FOX,Dallas Cowboys,Philadelphia Eagles,85088,-3,47.5
2009,2010-01-03T11:00:00Z,CBS,Miami Dolphins,Pittsburgh Steelers,59091,3,45.5
2009,2010-01-03T14:15:00Z,CBS,Denver Broncos,Kansas City Chiefs,77643,-9,38
2009,2010-01-09T14:30:00Z,NBC,Cincinnati Bengals,New York Jets,116541,-10,33.5
2009,2010-01-09T18:00:00Z,NBC,Dallas Cowboys,Philadelphia Eagles,122503,-3,47.5
2009,2010-01-10T14:45:00Z,FOX,Arizona Cardinals,Green Bay Packers,157870,NA,NA
2009,2010-01-10T11:00:00Z,CBS,New England Patriots,Baltimore Ravens,106455,NA,NA
2009,2010-01-16T14:30:00Z,FOX,New Orleans Saints,Arizona Cardinals,94108,NA,NA
2009,2010-01-16T18:30:00Z,CBS,Indianapolis Colts,Baltimore Ravens,121193,NA,NA
2009,2010-01-17T11:00:00Z,FOX,Minnesota Vikings,Dallas Cowboys,135836,NA,NA
2009,2010-01-17T14:30:00Z,CBS,San Diego Chargers,New York Jets,162037,NA,NA
2009,2010-01-24T16:45:00Z,FOX,New Orleans Saints,Minnesota Vikings,241810,NA,NA
2009,2010-01-24T13:00:00Z,CBS,Indianapolis Colts,New York Jets,192332,NA,NA
2009,2010-02-07T16:30:00Z,CBS,New Orleans Saints,Indianapolis Colts,360961,NA,NA
2010,2010-08-12T18:00:00Z,ESPN,Baltimore Ravens,Carolina Panthers,19713,NA,NA
2010,2010-08-16T18:00:00Z,ESPN,New York Jets,New York Giants,18052,NA,NA
2010,2010-08-13T17:30:00Z,NFLN,Washington Redskins,Buffalo Bills,10601,NA,NA
2010,2010-08-14T17:00:00Z,NFLN,Miami Dolphins,Tampa Bay Buccaneers,4715,NA,NA
2010,2010-08-14T20:00:00Z,NFLN,Seattle Seahawks,Tennessee Titans,4216,NA,NA
2010,2010-08-15T11:00:00Z,NFLN,Indianapolis Colts,San Francisco 49ers,5365,NA,NA
2010,2010-08-15T17:00:00Z,NFLN,Cincinnati Bengals,Denver Broncos,9819,NA,NA
2010,2010-08-19T18:15:00Z,FOX,Atlanta Falcons,New England Patriots,24882,NA,NA
2010,2010-08-20T18:15:00Z,FOX,Cincinnati Bengals,Philadelphia Eagles,20796,NA,NA
2010,2010-08-21T17:00:00Z,NFLN,New York Giants,Pittsburgh Steelers,11289,NA,NA
2010,2010-08-22T18:15:00Z,NBC,San Francisco 49ers,Minnesota Vikings,51298,NA,NA
2010,2010-08-23T18:00:00Z,ESPN,Tennessee Titans,Arizona Cardinals,32477,NA,NA
2010,2010-08-26T18:00:00Z,ESPN,Green Bay Packers,Indianapolis Colts,23848,NA,NA
2010,2010-08-27T18:00:00Z,CBS,New Orleans Saints,San Diego Chargers,42220,NA,NA
2010,2010-08-28T15:00:00Z,NFLN,Detroit Lions,Cleveland Browns,3855,NA,NA
2010,2010-08-28T18:00:00Z,CBS,Houston Texans,Dallas Cowboys,37461,NA,NA
2010,2010-09-02T17:00:00Z,NFLN,New York Giants,New England Patriots,8967,NA,NA
2010,2010-09-02T20:00:00Z,NFLN,Arizona Cardinals,Washington Redskins,6724,NA,NA
2010,2010-09-09T18:30:00Z,NBC,New Orleans Saints,Minnesota Vikings,125983,-5,49
2010,2010-09-12T11:00:00Z,FOX,New York Giants,Carolina Panthers,53704,-5.5,40.5
2010,2010-09-12T11:00:00Z,CBS,Jacksonville Jaguars,Denver Broncos,33946,-3,41.5
2010,2010-09-12T14:30:00Z,FOX,Philadelphia Eagles,Green Bay Packers,92297,3,48
2010,2010-09-12T18:30:00Z,NBC,Washington Redskins,Dallas Cowboys,118242,3.5,40
2010,2010-09-13T17:15:00Z,ESPN,New York Jets,Baltimore Ravens,70374,-1,36
2010,2010-09-13T20:30:00Z,ESPN,Kansas City Chiefs,San Diego Chargers,92394,4,45.5
2010,2010-09-19T11:00:00Z,CBS,Minnesota Vikings,Miami Dolphins,78343,-5.5,41
2010,2010-09-19T14:15:00Z,CBS,New York Jets,New England Patriots,81211,3,39.5
2010,2010-09-19T14:00:00Z,FOX,Denver Broncos,Seattle Seahawks,49971,-3,41
2010,2010-09-19T18:30:00Z,NBC,Indianapolis Colts,New York Giants,120059,-4.5,48
2010,2010-09-20T18:30:00Z,ESPN,San Francisco 49ers,New Orleans Saints,90422,4.5,44
2010,2010-09-26T11:00:00Z,FOX,Houston Texans,Dallas Cowboys,41777,-2.5,47.5
2010,2010-09-26T11:00:00Z,CBS,New York Giants,Tennessee Titans,37135,-3,43.5
2010,2010-09-26T14:15:00Z,CBS,Indianapolis Colts,Denver Broncos,101545,6,47
2010,2010-09-26T18:30:00Z,NBC,Miami Dolphins,New York Jets,96684,-2.5,36
2010,2010-09-27T18:30:00Z,ESPN,Chicago Bears,Green Bay Packers,70548,3,45.5
2010,2010-10-03T11:00:00Z,FOX,Green Bay Packers,Detroit Lions,31956,-14.5,46
2010,2010-10-03T11:00:00Z,CBS,Tennessee Titans,Denver Broncos,58344,-6.5,43.5
2010,2010-10-03T14:15:00Z,FOX,Philadelphia Eagles,Washington Redskins,78872,-5,44
2010,2010-10-03T18:30:00Z,NBC,New York Giants,Chicago Bears,100968,-3.5,44.5
2010,2010-10-04T18:30:00Z,ESPN,Miami Dolphins,New England Patriots,73077,0,48.5
2010,2010-10-10T11:00:00Z,FOX,Washington Redskins,Green Bay Packers,49125,3,45
2010,2010-10-10T11:00:00Z,CBS,Baltimore Ravens,Denver Broncos,47143,-8,39.5
2010,2010-10-10T14:15:00Z,CBS,Dallas Cowboys,Tennessee Titans,79271,-7,43.5
2010,2010-10-10T18:30:00Z,NBC,San Francisco 49ers,Philadelphia Eagles,114325,-3.5,39.5
2010,2010-10-11T19:00:00Z,ESPN,New York Jets,Minnesota Vikings,89881,-4,38
2010,2010-10-17T11:00:00Z,FOX,Philadelphia Eagles,Atlanta Falcons,57903,-2,43
2010,2010-10-17T14:15:00Z,FOX,Minnesota Vikings,Dallas Cowboys,96042,-1.5,43.5
2010,2010-10-17T14:00:00Z,CBS,Denver Broncos,New York Jets,63104,3.5,43
2010,2010-10-17T18:30:00Z,NBC,Washington Redskins,Indianapolis Colts,113065,3,44.5
2010,2010-10-18T18:30:00Z,ESPN,Jacksonville Jaguars,Tennessee Titans,54502,3,43.5
2010,2010-10-24T11:00:00Z,FOX,Chicago Bears,Washington Redskins,63883,-3,40
2010,2010-10-24T11:00:00Z,CBS,Miami Dolphins,Pittsburgh Steelers,49274,3,40.5
2010,2010-10-24T14:30:00Z,CBS,Denver Broncos,Oakland Raiders,103510,-7,42.5
2010,2010-10-24T18:30:00Z,NBC,Green Bay Packers,Minnesota Vikings,133952,-2.5,44
2010,2010-10-25T18:30:00Z,ESPN,Dallas Cowboys,New York Giants,83894,-3.5,45
2010,2010-10-31T11:00:00Z,FOX,New York Jets,Green Bay Packers,55075,-6.5,41.5
2010,2010-10-31T11:00:00Z,CBS,San Francisco 49ers,Denver Broncos,59710,-2,41.5
2010,2010-10-31T14:15:00Z,FOX,New England Patriots,Minnesota Vikings,112567,-5,44.5
2010,2010-10-31T18:30:00Z,NBC,New Orleans Saints,Pittsburgh Steelers,71279,-1.5,45
2010,2010-11-01T18:30:00Z,ESPN,Indianapolis Colts,Houston Texans,73761,-5.5,50.5
2010,2010-11-07T11:00:00Z,FOX,Minnesota Vikings,Arizona Cardinals,69886,-7.5,42.5
2010,2010-11-07T11:00:00Z,CBS,Baltimore Ravens,Miami Dolphins,32177,-5.5,41
2010,2010-11-07T14:30:00Z,CBS,Philadelphia Eagles,Indianapolis Colts,114140,-3,46.5
2010,2010-11-07T18:30:00Z,NBC,Green Bay Packers,Dallas Cowboys,86002,-7.5,46
2010,2010-11-08T18:30:00Z,ESPN,Cincinnati Bengals,Pittsburgh Steelers,72884,5,41
2010,2010-11-11T18:30:00Z,NFLN,Atlanta Falcons,Baltimore Ravens,32287,-1,44
2010,2010-11-14T11:00:00Z,FOX,Chicago Bears,Minnesota Vikings,91711,1,40.5
2010,2010-11-14T14:15:00Z,FOX,New York Giants,Dallas Cowboys,84603,-12,46
2010,2010-11-14T14:00:00Z,CBS,Denver Broncos,Kansas City Chiefs,41132,1,44.5
2010,2010-11-14T18:30:00Z,NBC,Pittsburgh Steelers,New England Patriots,103066,-4.5,45
2010,2010-11-15T18:30:00Z,ESPN,Washington Redskins,Philadelphia Eagles,54300,3,44
2010,2010-11-18T18:30:00Z,NFLN,Miami Dolphins,Chicago Bears,33717,-2.5,40
2010,2010-11-21T11:00:00Z,FOX,Minnesota Vikings,Green Bay Packers,54018,3,44.5
2010,2010-11-21T11:00:00Z,CBS,Pittsburgh Steelers,Oakland Raiders,53130,-7,41
2010,2010-11-21T14:15:00Z,CBS,New England Patriots,Indianapolis Colts,118967,-4.5,49.5
2010,2010-11-21T18:30:00Z,NBC,Philadelphia Eagles,New York Giants,113629,-3.5,47.5
2010,2010-11-22T18:30:00Z,ESPN,San Diego Chargers,Denver Broncos,60329,-9,50
2010,2010-11-25T10:45:00Z,CBS,Detroit Lions,New England Patriots,130151,6,50.5
2010,2010-11-25T14:30:00Z,FOX,Dallas Cowboys,New Orleans Saints,87614,4.5,48.5
2010,2010-11-25T18:30:00Z,NFLN,New York Jets,Cincinnati Bengals,30040,-10,43.5
2010,2010-11-28T11:00:00Z,FOX,Atlanta Falcons,Green Bay Packers,77735,-2,47.5
2010,2010-11-28T14:15:00Z,FOX,Chicago Bears,Philadelphia Eagles,89790,3,42
2010,2010-11-28T14:00:00Z,CBS,Oakland Raiders,Miami Dolphins,40844,-3,38
2010,2010-11-28T18:30:00Z,NBC,Indianapolis Colts,San Diego Chargers,91613,-2,50.5
2010,2010-11-29T18:30:00Z,ESPN,Arizona Cardinals,San Francisco 49ers,55481,2,41.5
2010,2010-12-02T18:30:00Z,NFLN,Philadelphia Eagles,Houston Texans,19102,-8,51
2010,2010-12-05T11:00:00Z,FOX,Detroit Lions,Chicago Bears,36817,5.5,43.5
2010,2010-12-05T11:00:00Z,CBS,Kansas City Chiefs,Denver Broncos,34795,-8,48
2010,2010-12-05T14:15:00Z,FOX,Indianapolis Colts,Dallas Cowboys,109336,-6,48
2010,2010-12-05T18:30:00Z,NBC,Baltimore Ravens,Pittsburgh Steelers,73917,-3,38.5
2010,2010-12-06T18:30:00Z,ESPN,New England Patriots,New York Jets,62864,-4,44.5
2010,2010-12-09T18:30:00Z,NFLN,Houston Texans,Indianapolis Colts,35170,3.5,44
2010,2010-12-12T11:00:00Z,FOX,Detroit Lions,Green Bay Packers,39584,7,46
2010,2010-12-12T11:00:00Z,CBS,Pittsburgh Steelers,Cincinnati Bengals,34686,-8.5,39.5
2010,2010-12-12T14:15:00Z,CBS,Chicago Bears,New England Patriots,85314,3,37
2010,2010-12-12T16:00:00Z,CBS,New York Jets,Miami Dolphins,104183,-5,37.5
2010,2010-12-12T18:30:00Z,NBC,Dallas Cowboys,Philadelphia Eagles,93067,4.5,51
2010,2010-12-13T18:30:00Z,ESPN,Houston Texans,Baltimore Ravens,52797,3,46.5
2010,2010-12-16T18:30:00Z,NFLN,San Diego Chargers,San Francisco 49ers,20487,-10,44.5
2010,2010-12-19T11:00:00Z,FOX,New York Giants,Philadelphia Eagles,38461,-3,47
2010,2010-12-19T11:00:00Z,CBS,Indianapolis Colts,Jacksonville Jaguars,49422,-4.5,48
2010,2010-12-19T14:15:00Z,CBS,Oakland Raiders,Denver Broncos,82113,-8,41.5
2010,2010-12-19T18:30:00Z,NBC,New England Patriots,Green Bay Packers,105108,-14.5,43.5
2010,2010-12-20T18:30:00Z,ESPN,Minnesota Vikings,Chicago Bears,57038,5.5,34.5
2010,2010-12-23T18:30:00Z,NFLN,Pittsburgh Steelers,Carolina Panthers,16298,-14,37.5
2010,2010-12-25T18:00:00Z,NFLN,Arizona Cardinals,Dallas Cowboys,29534,7,45
2010,2010-12-26T11:00:00Z,FOX,St. Louis Rams,San Francisco 49ers,36765,-2.5,40
2010,2010-12-26T14:15:00Z,FOX,Green Bay Packers,New York Giants,93642,-3,43.5
2010,2010-12-26T11:00:00Z,CBS,Chicago Bears,New York Jets,74780,-2.5,35.5
2010,2010-12-27T18:30:00Z,ESPN,Atlanta Falcons,New Orleans Saints,62466,-2,50
2010,2010-12-28T18:00:00Z,NBC,Philadelphia Eagles,Minnesota Vikings,101304,-14,44
2010,2011-01-02T11:00:00Z,FOX,New Orleans Saints,Tampa Bay Buccaneers,61442,-7,46.5
2010,2011-01-02T14:15:00Z,FOX,Green Bay Packers,Chicago Bears,90371,-11.5,43.5
2010,2011-01-02T11:00:00Z,CBS,Cleveland Browns,Pittsburgh Steelers,38200,6.5,38
2010,2011-01-02T13:00:00Z,CBS,Kansas City Chiefs,Oakland Raiders,42539,-4.5,43
2010,2011-01-02T14:15:00Z,CBS,Indianapolis Colts,Tennessee Titans,71700,-8.5,48
2010,2011-01-02T18:30:00Z,NBC,Seattle Seahawks,St. Louis Rams,94791,3,42.5
2010,2011-01-08T18:00:00Z,NBC,Indianapolis Colts,New York Jets,131448,NA,NA
2010,2011-01-08T14:30:00Z,NBC,Seattle Seahawks,New Orleans Saints,115276,NA,NA
2010,2011-01-09T11:00:00Z,CBS,Kansas City Chiefs,Baltimore Ravens,96025,NA,NA
2010,2011-01-09T14:45:00Z,FOX,Philadelphia Eagles,Green Bay Packers,150030,NA,NA
2010,2011-01-15T14:30:00Z,CBS,Pittsburgh Steelers,Baltimore Ravens,119059,NA,NA
2010,2011-01-15T18:15:00Z,FOX,Atlanta Falcons,Green Bay Packers,104257,NA,NA
2010,2011-01-16T11:00:00Z,FOX,Chicago Bears,Seattle Seahawks,113474,NA,NA
2010,2011-01-16T14:45:00Z,CBS,New England Patriots,New York Jets,161315,NA,NA
2010,2011-01-23T13:00:00Z,FOX,Chicago Bears,Green Bay Packers,171798,NA,NA
2010,2011-01-23T16:45:00Z,CBS,Pittsburgh Steelers,New York Jets,186268,NA,NA
2010,2011-02-06T16:30:00Z,FOX,Green Bay Packers,Pittsburgh Steelers,369553,NA,NA
2011,2011-08-11T18:00:00Z,ESPN,San Diego Chargers,Seattle Seahawks,12186,NA,NA
2011,2011-08-11T21:00:00Z,NFLN,Philadelphia Eagles,Baltimore Ravens,1308,NA,NA
2011,2011-08-12T18:00:00Z,FOX,Kansas City Chiefs,Tampa Bay Buccaneers,21263,NA,NA
2011,2011-08-13T17:30:00Z,NFLN,Cleveland Browns,Green Bay Packers,9464,NA,NA
2011,2011-08-13T20:30:00Z,NFLN,New Orleans Saints,San Francisco 49ers,4044,NA,NA
2011,2011-08-15T18:00:00Z,ESPN,Houston Texans,New York Jets,19499,NA,NA
2011,2011-08-18T18:00:00Z,FOX,Pittsburgh Steelers,Philadelphia Eagles,27267,NA,NA
2011,2011-08-19T18:00:00Z,FOX,Jacksonville Jaguars,Atlanta Falcons,27917,NA,NA
2011,2011-08-20T18:30:00Z,CBS,Denver Broncos,Buffalo Bills,22528,NA,NA
2011,2011-08-20T18:00:00Z,NFLN,Houston Texans,New Orleans Saints,6632,NA,NA
2011,2011-08-20T21:00:00Z,NFLN,Seattle Seahawks,Minnesota Vikings,6212,NA,NA
2011,2011-08-21T18:00:00Z,NBC,Dallas Cowboys,San Diego Chargers,47249,NA,NA
2011,2011-08-22T18:00:00Z,ESPN,New York Giants,Chicago Bears,28976,NA,NA
2011,2011-08-25T18:00:00Z,ESPN,Baltimore Ravens,Washington Redskins,19768,NA,NA
2011,2011-08-26T18:00:00Z,CBS,Indianapolis Colts,Green Bay Packers,37723,NA,NA
2011,2011-08-27T18:00:00Z,CBS,Detroit Lions,New England Patriots,18710,NA,NA
2011,2011-08-28T18:00:00Z,NBC,Oakland Raiders,New Orleans Saints,58047,NA,NA
2011,2011-09-01T17:00:00Z,NFLN,Cincinnati Bengals,Indianapolis Colts,1941,NA,NA
2011,2011-09-01T21:00:00Z,NFLN,Arizona Cardinals,Denver Broncos,3386,NA,NA
2011,2011-09-02T20:30:00Z,NFLN,Seattle Seahawks,Oakland Raiders,2920,NA,NA
2011,2011-09-08T18:30:00Z,NBC,Green Bay Packers,New Orleans Saints,109936,-5,47.5
2011,2011-09-11T11:00:00Z,FOX,Chicago Bears,Atlanta Falcons,37383,2,40.5
2011,2011-09-11T11:00:00Z,CBS,Baltimore Ravens,Pittsburgh Steelers,43196,-1,37
2011,2011-09-11T14:15:00Z,FOX,San Diego Chargers,Minnesota Vikings,89510,-9,44
2011,2011-09-11T18:00:00Z,NBC,New York Jets,Dallas Cowboys,114774,-6.5,41
2011,2011-09-12T17:00:00Z,ESPN,Miami Dolphins,New England Patriots,64877,7,46.5
2011,2011-09-12T20:45:00Z,ESPN,Denver Broncos,Oakland Raiders,71129,-3,42.5
2011,2011-09-18T11:00:00Z,FOX,Carolina Panthers,Green Bay Packers,48119,10.5,45
2011,2011-09-18T11:00:00Z,CBS,New York Jets,Jacksonville Jaguars,14947,-9,38
2011,2011-09-18T13:45:00Z,CBS,Buffalo Bills,Oakland Raiders,36519,-3.5,41
2011,2011-09-18T14:30:00Z,CBS,New England Patriots,San Diego Chargers,88910,-6.5,53.5
2011,2011-09-18T18:30:00Z,NBC,Atlanta Falcons,Philadelphia Eagles,106983,2.5,49.5
2011,2011-09-19T18:30:00Z,ESPN,New York Giants,St. Louis Rams,42959,-7,43.5
2011,2011-09-25T11:00:00Z,FOX,Philadelphia Eagles,New York Giants,62904,-8,46.5
2011,2011-09-25T14:30:00Z,FOX,Chicago Bears,Green Bay Packers,71263,4.5,45.5
2011,2011-09-25T14:00:00Z,CBS,Oakland Raiders,New York Jets,41748,2.5,40
2011,2011-09-25T18:30:00Z,NBC,Indianapolis Colts,Pittsburgh Steelers,67163,11,40
2011,2011-09-26T18:30:00Z,ESPN,Dallas Cowboys,Washington Redskins,69210,-3.5,45
2011,2011-10-02T11:00:00Z,FOX,Dallas Cowboys,Detroit Lions,62687,-2.5,46.5
2011,2011-10-02T11:00:00Z,CBS,Houston Texans,Pittsburgh Steelers,51897,-4,46.5
2011,2011-10-02T14:15:00Z,CBS,Green Bay Packers,Denver Broncos,77736,-12,46.5
2011,2011-10-02T18:30:00Z,NBC,Baltimore Ravens,New York Jets,92385,-5,43
2011,2011-10-03T18:30:00Z,ESPN,Tampa Bay Buccaneers,Indianapolis Colts,47907,-10,40.5
2011,2011-10-09T14:00:00Z,FOX,San Francisco 49ers,Tampa Bay Buccaneers,54407,-3,41
2011,2011-10-09T11:00:00Z,CBS,Pittsburgh Steelers,Tennessee Titans,60921,-3,40
2011,2011-10-09T14:15:00Z,CBS,Denver Broncos,San Diego Chargers,66138,3.5,47
2011,2011-10-09T18:30:00Z,NBC,Atlanta Falcons,Green Bay Packers,113580,6,54
2011,2011-10-10T18:30:00Z,ESPN,Detroit Lions,Chicago Bears,82024,-6.5,47.5
2011,2011-10-16T11:00:00Z,FOX,Detroit Lions,San Francisco 49ers,85932,-5,45
2011,2011-10-16T14:15:00Z,FOX,New England Patriots,Dallas Cowboys,105083,-6.5,55
2011,2011-10-16T11:00:00Z,CBS,New York Giants,Buffalo Bills,26736,-3.5,49
2011,2011-10-16T18:30:00Z,NBC,Chicago Bears,Minnesota Vikings,65187,-2,41.5
2011,2011-10-17T18:30:00Z,ESPN,New York Jets,Miami Dolphins,47389,-7,41.5
2011,2011-10-23T11:00:00Z,FOX,Carolina Panthers,Washington Redskins,61106,-2.5,44.5
2011,2011-10-23T14:30:00Z,FOX,Minnesota Vikings,Green Bay Packers,64568,10.5,47
2011,2011-10-23T14:00:00Z,CBS,Oakland Raiders,Kansas City Chiefs,29967,-3.5,41.5
2011,2011-10-23T18:30:00Z,NBC,New Orleans Saints,Indianapolis Colts,67527,-13.5,49
2011,2011-10-24T18:30:00Z,ESPN,Jacksonville Jaguars,Baltimore Ravens,47455,-10.5,39
2011,2011-10-30T11:00:00Z,CBS,New York Giants,Miami Dolphins,74218,-9.5,43
2011,2011-10-30T14:00:00Z,FOX,Denver Broncos,Detroit Lions,34628,3,43.5
2011,2011-10-30T14:15:00Z,CBS,Pittsburgh Steelers,New England Patriots,78813,3,52
2011,2011-10-30T18:30:00Z,NBC,Philadelphia Eagles,Dallas Cowboys,80628,-3,49
2011,2011-10-31T18:30:00Z,ESPN,Kansas City Chiefs,San Diego Chargers,61765,3,44.5
2011,2011-11-06T11:00:00Z,FOX,Washington Redskins,San Francisco 49ers,92025,5,38
2011,2011-11-06T14:00:00Z,FOX,San Diego Chargers,Green Bay Packers,84031,5.5,50.5
2011,2011-11-06T14:00:00Z,CBS,Oakland Raiders,Denver Broncos,65809,-7,41.5
2011,2011-11-06T18:30:00Z,NBC,Pittsburgh Steelers,Baltimore Ravens,125442,-3.5,41.5
2011,2011-11-07T18:30:00Z,ESPN,Philadelphia Eagles,Chicago Bears,69358,-8,47.5
2011,2011-11-10T18:30:00Z,NFLN,San Diego Chargers,Oakland Raiders,38866,-7,48
2011,2011-11-13T11:00:00Z,FOX,Atlanta Falcons,New Orleans Saints,59274,-1,50
2011,2011-11-13T14:30:00Z,FOX,San Francisco 49ers,New York Giants,106217,-4,43
2011,2011-11-13T11:00:00Z,CBS,Kansas City Chiefs,Denver Broncos,59021,-3,42
2011,2011-11-13T18:30:00Z,NBC,New York Jets,New England Patriots,110007,-2.5,47
2011,2011-11-14T18:30:00Z,ESPN,Green Bay Packers,Minnesota Vikings,61911,-13,50
2011,2011-11-17T18:30:00Z,NFLN,Denver Broncos,New York Jets,47993,6,39
2011,2011-11-20T11:00:00Z,CBS,Baltimore Ravens,Cincinnati Bengals,92419,-7,40.5
2011,2011-11-20T14:00:00Z,FOX,San Francisco 49ers,Arizona Cardinals,56227,-10,40.5
2011,2011-11-20T14:30:00Z,CBS,Chicago Bears,San Diego Chargers,69512,-4.5,45
2011,2011-11-20T18:30:00Z,NBC,New York Giants,Philadelphia Eagles,98229,-6,45
2011,2011-11-21T18:30:00Z,ESPN,New England Patriots,Kansas City Chiefs,50184,-17,46.5
2011,2011-11-24T18:30:00Z,NFLN,Baltimore Ravens,San Francisco 49ers,58304,-3.5,40.5
2011,2011-11-24T10:30:00Z,FOX,Detroit Lions,Green Bay Packers,110661,4.5,55
2011,2011-11-24T14:15:00Z,CBS,Dallas Cowboys,Miami Dolphins,106380,-7,45.5
2011,2011-11-27T11:00:00Z,FOX,Atlanta Falcons,Minnesota Vikings,40447,-10,44
2011,2011-11-27T11:00:00Z,CBS,New York Jets,Buffalo Bills,49707,-9.5,42.5
2011,2011-11-27T14:15:00Z,CBS,San Diego Chargers,Denver Broncos,99635,-4.5,42
2011,2011-11-27T18:30:00Z,NBC,Kansas City Chiefs,Pittsburgh Steelers,98370,11,42
2011,2011-11-28T18:30:00Z,ESPN,New Orleans Saints,New York Giants,61832,-7,51
2011,2011-12-01T18:30:00Z,NFLN,Seattle Seahawks,Philadelphia Eagles,31195,3,43.5
2011,2011-12-04T11:00:00Z,FOX,Minnesota Vikings,Denver Broncos,74086,-1,37.5
2011,2011-12-04T14:15:00Z,FOX,New York Giants,Green Bay Packers,127262,7,54
2011,2011-12-04T11:00:00Z,CBS,Pittsburgh Steelers,Cincinnati Bengals,55388,-7,42.5
2011,2011-12-04T18:30:00Z,NBC,New Orleans Saints,Detroit Lions,97697,-8.5,55.5
2011,2011-12-05T18:30:00Z,ESPN,Jacksonville Jaguars,San Diego Chargers,46225,3,40
2011,2011-12-08T18:30:00Z,NFLN,Pittsburgh Steelers,Cleveland Browns,25418,-14,40
2011,2011-12-11T14:00:00Z,FOX,Denver Broncos,Chicago Bears,94389,-3,35.5
2011,2011-12-11T11:00:00Z,CBS,New York Jets,Kansas City Chiefs,75676,-11,35.5
2011,2011-12-11T13:15:00Z,CBS,Washington Redskins,New England Patriots,94743,7.5,46.5
2011,2011-12-11T14:15:00Z,CBS,Green Bay Packers,Oakland Raiders,62727,-12,50
2011,2011-12-11T18:30:00Z,NBC,Dallas Cowboys,New York Giants,119494,-4.5,49.5
2011,2011-12-12T18:30:00Z,ESPN,Seattle Seahawks,St. Louis Rams,54426,-8.5,38
2011,2011-12-15T18:30:00Z,NFLN,Atlanta Falcons,Jacksonville Jaguars,16650,-13.5,41.5
2011,2011-12-17T18:30:00Z,NFLN,Tampa Bay Buccaneers,Dallas Cowboys,14892,7.5,47
2011,2011-12-18T11:00:00Z,FOX,Kansas City Chiefs,Green Bay Packers,99006,11.5,46
2011,2011-12-18T11:00:00Z,CBS,St. Louis Rams,Cincinnati Bengals,17927,7,39
2011,2011-12-18T14:15:00Z,CBS,Denver Broncos,New England Patriots,116759,7,47.5
2011,2011-12-18T18:30:00Z,NBC,San Diego Chargers,Baltimore Ravens,86380,1,45
2011,2011-12-22T18:30:00Z,NFLN,Indianapolis Colts,Houston Texans,26356,7,40.5
2011,2011-12-24T11:00:00Z,FOX,New York Jets,New York Giants,42678,-2.5,46
2011,2011-12-24T14:45:00Z,FOX,Dallas Cowboys,Philadelphia Eagles,73454,2.5,49.5
2011,2011-12-24T11:00:00Z,CBS,Buffalo Bills,Denver Broncos,64640,3,43.5
2011,2011-12-25T18:30:00Z,NBC,Green Bay Packers,Chicago Bears,82983,-13.5,41
2011,2011-12-26T18:30:00Z,ESPN,New Orleans Saints,Atlanta Falcons,52540,-7,53
2011,2012-01-01T11:00:00Z,FOX,St. Louis Rams,San Francisco 49ers,63949,12.5,34.5
2011,2012-01-01T11:00:00Z,CBS,Miami Dolphins,New York Jets,50736,-2,39
2011,2012-01-01T14:30:00Z,FOX,Atlanta Falcons,Tampa Bay Buccaneers,29216,-10,45.5
2011,2012-01-01T14:15:00Z,CBS,Denver Broncos,Kansas City Chiefs,131116,-2.5,37.5
2011,2012-01-01T18:30:00Z,NBC,New York Giants,Dallas Cowboys,123153,-3,48
2011,2012-01-07T14:45:00Z,NBC,Houston Texans,Cincinnati Bengals,112415,NA,NA
2011,2012-01-07T18:15:00Z,NBC,New Orleans Saints,Detroit Lions,136038,NA,NA
2011,2012-01-08T11:00:00Z,FOX,New York Giants,Atlanta Falcons,109361,NA,NA
2011,2012-01-08T14:45:00Z,CBS,Denver Broncos,Pittsburgh Steelers,201828,NA,NA
2011,2012-01-14T14:30:00Z,FOX,San Francisco 49ers,New Orleans Saints,173799,NA,NA
2011,2012-01-14T18:15:00Z,CBS,New England Patriots,Denver Broncos,153670,NA,NA
2011,2012-01-15T11:00:00Z,CBS,Baltimore Ravens,Houston Texans,115038,NA,NA
2011,2012-01-15T14:45:00Z,FOX,Green Bay Packers,New York Giants,217117,NA,NA
2011,2012-01-22T16:45:00Z,FOX,San Francisco 49ers,New York Giants,276446,NA,NA
2011,2012-01-22T13:00:00Z,CBS,New England Patriots,Baltimore Ravens,207349,NA,NA
2011,2012-02-05T16:30:00Z,NBC,New England Patriots,New York Giants,400706,NA,NA
2012,2012-08-05T18:00:00Z,NFLN,New Orleans Saints,Arizona Cardinals,12100,NA,NA
2012,2012-08-09T18:00:00Z,ESPN,San Diego Chargers,Green Bay Packers,11407,NA,NA
2012,2012-08-10T17:30:00Z,NFLN,Cincinnati Bengals,New York Jets,3167,NA,NA
2012,2012-08-11T17:00:00Z,NFLN,Carolina Panthers,Houston Texans,3034,NA,NA
2012,2012-08-11T20:15:00Z,NFLN,Seattle Seahawks,Tennessee Titans,3800,NA,NA
2012,2012-08-12T11:30:00Z,NFLN,Indianapolis Colts,St. Louis Rams,3278,NA,NA
2012,2012-08-13T18:00:00Z,ESPN,Oakland Raiders,Dallas Cowboys,24715,NA,NA
2012,2012-08-16T18:00:00Z,FOX,Atlanta Falcons,Cincinnati Bengals,24902,NA,NA
2012,2012-08-17T18:00:00Z,FOX,Baltimore Ravens,Detroit Lions,28056,NA,NA
2012,2012-08-18T17:00:00Z,NFLN,New York Jets,New York Giants,2580,NA,NA
2012,2012-08-18T20:00:00Z,NFLN,San Diego Chargers,Dallas Cowboys,3224,NA,NA
2012,2012-08-19T18:00:00Z,NBC,Pittsburgh Steelers,Indianapolis Colts,56353,NA,NA
2012,2012-08-20T18:00:00Z,ESPN,New England Patriots,Philadelphia Eagles,23658,NA,NA
2012,2012-08-23T18:00:00Z,ESPN,Tennessee Titans,Arizona Cardinals,10363,NA,NA
2012,2012-08-24T18:00:00Z,CBS,New York Giants,Chicago Bears,42029,NA,NA
2012,2012-08-25T14:00:00Z,NFLN,Washington Redskins,Indianapolis Colts,3574,NA,NA
2012,2012-08-25T19:00:00Z,CBS,New Orleans Saints,Houston Texans,32075,NA,NA
2012,2012-08-26T14:00:00Z,FOX,Denver Broncos,San Francisco 49ers,65668,NA,NA
2012,2012-08-26T18:00:00Z,NBC,New York Jets,Carolina Panthers,53573,NA,NA
2012,2012-08-29T17:00:00Z,NFLN,New York Giants,New England Patriots,1612,NA,NA
2012,2012-08-30T17:00:00Z,NFLN,Green Bay Packers,Kansas City Chiefs,1117,NA,NA
2012,2012-08-30T21:00:00Z,NFLN,Arizona Cardinals,Denver Broncos,0,NA,NA
2012,2012-09-05T18:30:00Z,NBC,New York Giants,Dallas Cowboys,115081,-3.5,45.5
2012,2012-09-09T11:00:00Z,CBS,Tennessee Titans,New England Patriots,40632,5.5,48
2012,2012-09-09T11:00:00Z,FOX,New Orleans Saints,Washington Redskins,64457,-8.5,50
2012,2012-09-09T14:45:00Z,FOX,Green Bay Packers,San Francisco 49ers,133670,-5,46.5
2012,2012-09-09T18:30:00Z,NBC,Denver Broncos,Pittsburgh Steelers,178652,-2.5,45.5
2012,2012-09-10T17:00:00Z,ESPN,Baltimore Ravens,Cincinnati Bengals,47318,-7,43
2012,2012-09-10T20:20:00Z,ESPN,Oakland Raiders,San Diego Chargers,77453,-1,47.5
2012,2012-09-13T18:30:00Z,NFLN,Green Bay Packers,Chicago Bears,32119,-5,50.5
2012,2012-09-16T11:00:00Z,FOX,New England Patriots,Arizona Cardinals,54416,-13.5,47
2012,2012-09-16T11:00:00Z,CBS,Philadelphia Eagles,Baltimore Ravens,48766,-3,47
2012,2012-09-16T14:45:00Z,CBS,Pittsburgh Steelers,New York Jets,102310,-4.5,43
2012,2012-09-16T18:30:00Z,NBC,San Francisco 49ers,Detroit Lions,138642,-7,46
2012,2012-09-17T18:30:00Z,ESPN,Atlanta Falcons,Denver Broncos,75147,-3,50.5
2012,2012-09-20T18:30:00Z,NFLN,Carolina Panthers,New York Giants,25958,-2.5,48.5
2012,2012-09-23T11:00:00Z,FOX,Minnesota Vikings,San Francisco 49ers,90306,7,42.5
2012,2012-09-23T11:00:00Z,CBS,Washington Redskins,Cincinnati Bengals,39421,-3,49.5
2012,2012-09-23T14:45:00Z,CBS,Denver Broncos,Houston Texans,105039,1.5,43.5
2012,2012-09-23T18:30:00Z,NBC,Baltimore Ravens,New England Patriots,108046,-3,48.5
2012,2012-09-24T18:30:00Z,ESPN,Seattle Seahawks,Green Bay Packers,79883,3,45.5
2012,2012-09-27T18:30:00Z,NFLN,Baltimore Ravens,Cleveland Browns,36845,-11.5,43.5
2012,2012-09-30T11:00:00Z,FOX,New York Jets,San Francisco 49ers,91717,4,41
2012,2012-09-30T14:00:00Z,CBS,Denver Broncos,Oakland Raiders,72798,-6.5,47
2012,2012-09-30T14:30:00Z,FOX,Green Bay Packers,New Orleans Saints,75637,-7.5,54
2012,2012-09-30T18:30:00Z,NBC,Philadelphia Eagles,New York Giants,115238,-2,46.5
2012,2012-10-01T18:30:00Z,ESPN,Dallas Cowboys,Chicago Bears,88548,-3,41
2012,2012-10-04T18:30:00Z,NFLN,St. Louis Rams,Arizona Cardinals,23104,1.5,38
2012,2012-10-07T11:00:00Z,FOX,Indianapolis Colts,Green Bay Packers,60493,6.5,49
2012,2012-10-07T11:00:00Z,CBS,Kansas City Chiefs,Baltimore Ravens,31635,6,46.5
2012,2012-10-07T14:30:00Z,CBS,New England Patriots,Denver Broncos,91736,-6,51
2012,2012-10-07T18:30:00Z,NBC,New Orleans Saints,San Diego Chargers,100737,-3.5,53.5
2012,2012-10-08T18:30:00Z,ESPN,New York Jets,Houston Texans,71767,9.5,40.5
2012,2012-10-11T18:30:00Z,NFLN,Tennessee Titans,Pittsburgh Steelers,32017,6,43
2012,2012-10-14T11:00:00Z,FOX,Baltimore Ravens,Dallas Cowboys,88890,-3,45.5
2012,2012-10-14T14:30:00Z,FOX,San Francisco 49ers,New York Giants,101153,-7,47
2012,2012-10-14T14:00:00Z,CBS,Seattle Seahawks,New England Patriots,38509,4,42.5
2012,2012-10-14T18:30:00Z,NBC,Houston Texans,Green Bay Packers,92646,-4,47
2012,2012-10-15T18:30:00Z,ESPN,San Diego Chargers,Denver Broncos,80702,0,48
2012,2012-10-18T18:30:00Z,NFLN,San Francisco 49ers,Seattle Seahawks,43929,-8,37.5
2012,2012-10-21T11:00:00Z,FOX,New York Giants,Washington Redskins,52987,-6,51.5
2012,2012-10-21T11:00:00Z,CBS,Houston Texans,Baltimore Ravens,36949,-6.5,47.5
2012,2012-10-21T18:30:00Z,NBC,Cincinnati Bengals,Pittsburgh Steelers,100739,1.5,47
2012,2012-10-22T18:30:00Z,ESPN,Chicago Bears,Detroit Lions,56382,-6.5,45.5
2012,2012-10-25T18:30:00Z,NFLN,Minnesota Vikings,Tampa Bay Buccaneers,23184,-5.5,43
2012,2012-10-28T11:00:00Z,FOX,Pittsburgh Steelers,Washington Redskins,74555,-4.5,44.5
2012,2012-10-28T14:30:00Z,FOX,Dallas Cowboys,New York Giants,96546,3,48
2012,2012-10-28T14:00:00Z,CBS,Kansas City Chiefs,Oakland Raiders,41303,-1,41.5
2012,2012-10-28T18:30:00Z,NBC,Denver Broncos,New Orleans Saints,102228,-6,55.5
2012,2012-10-29T18:30:00Z,ESPN,Arizona Cardinals,San Francisco 49ers,84699,7,38
2012,2012-11-01T18:30:00Z,NFLN,San Diego Chargers,Kansas City Chiefs,23660,-7,41
2012,2012-11-04T11:00:00Z,FOX,Green Bay Packers,Arizona Cardinals,34238,-10.5,43
2012,2012-11-04T11:00:00Z,CBS,Cincinnati Bengals,Denver Broncos,64021,5,47.5
2012,2012-11-04T14:15:00Z,CBS,New York Giants,Pittsburgh Steelers,119771,-3.5,48
2012,2012-11-04T18:30:00Z,NBC,Atlanta Falcons,Dallas Cowboys,103478,-4,47.5
2012,2012-11-05T18:30:00Z,ESPN,New Orleans Saints,Philadelphia Eagles,61791,-3,52.5
2012,2012-11-08T18:30:00Z,NFLN,Jacksonville Jaguars,Indianapolis Colts,27033,3,43
2012,2012-11-11T11:00:00Z,FOX,Cincinnati Bengals,New York Giants,38242,4,47
2012,2012-11-11T11:00:00Z,CBS,Carolina Panthers,Denver Broncos,50472,3.5,46.5
2012,2012-11-11T14:30:00Z,FOX,San Francisco 49ers,St. Louis Rams,105841,-13.5,38
2012,2012-11-11T18:30:00Z,NBC,Chicago Bears,Houston Texans,104598,-1,37.5
2012,2012-11-12T18:30:00Z,ESPN,Pittsburgh Steelers,Kansas City Chiefs,65565,-13,39.5
2012,2012-11-15T18:30:00Z,NFLN,Buffalo Bills,Miami Dolphins,23754,-2.5,46
2012,2012-11-18T11:00:00Z,FOX,Detroit Lions,Green Bay Packers,46737,3,53.5
2012,2012-11-18T11:00:00Z,CBS,Dallas Cowboys,Cleveland Browns,55692,-7,43.5
2012,2012-11-18T15:00:00Z,CBS,Denver Broncos,San Diego Chargers,108696,-7.5,48
2012,2012-11-18T18:30:00Z,NBC,Pittsburgh Steelers,Baltimore Ravens,95992,3,41
2012,2012-11-19T18:30:00Z,ESPN,San Francisco 49ers,Chicago Bears,81764,-3.5,34.5
2012,2012-11-22T10:30:00Z,CBS,Detroit Lions,Houston Texans,120013,3.5,48.5
2012,2012-11-22T14:45:00Z,FOX,Dallas Cowboys,Washington Redskins,107450,-3.5,47.5
2012,2012-11-22T18:30:00Z,NBC,New York Jets,New England Patriots,86699,7,48
2012,2012-11-25T11:00:00Z,FOX,Chicago Bears,Minnesota Vikings,49717,-6.5,38.5
2012,2012-11-25T12:45:00Z,FOX,Tampa Bay Buccaneers,Atlanta Falcons,54145,1,51
2012,2012-11-25T14:30:00Z,FOX,New Orleans Saints,San Francisco 49ers,133796,2.5,50.5
2012,2012-11-25T11:00:00Z,CBS,Kansas City Chiefs,Denver Broncos,65571,10.5,42
2012,2012-11-25T18:30:00Z,NBC,New York Giants,Green Bay Packers,99318,-3,51
2012,2012-11-26T18:30:00Z,ESPN,Philadelphia Eagles,Carolina Panthers,36580,3,41.5
2012,2012-11-29T18:30:00Z,NFLN,Atlanta Falcons,New Orleans Saints,33817,-3.5,54.5
2012,2012-12-02T11:00:00Z,CBS,Miami Dolphins,New England Patriots,79672,7.5,51
2012,2012-12-02T14:00:00Z,FOX,Denver Broncos,Tampa Bay Buccaneers,61194,-8,50
2012,2012-12-02T14:45:00Z,CBS,Baltimore Ravens,Pittsburgh Steelers,75681,-7,37
2012,2012-12-02T18:30:00Z,NBC,Dallas Cowboys,Philadelphia Eagles,101410,-10.5,44.5
2012,2012-12-03T18:30:00Z,ESPN,Washington Redskins,New York Giants,65654,3,50.5
2012,2012-12-06T18:30:00Z,NFLN,Oakland Raiders,Denver Broncos,29139,10,47
2012,2012-12-09T11:00:00Z,FOX,Cincinnati Bengals,Dallas Cowboys,65516,-3,46
2012,2012-12-09T14:30:00Z,FOX,New York Giants,New Orleans Saints,69773,-4.5,52.5
2012,2012-12-09T14:00:00Z,CBS,San Francisco 49ers,Miami Dolphins,62094,-11,38.5
2012,2012-12-09T18:30:00Z,NBC,Green Bay Packers,Detroit Lions,83150,-6,49.5
2012,2012-12-10T18:30:00Z,ESPN,New England Patriots,Houston Texans,73236,-5.5,51
2012,2012-12-13T18:30:00Z,NFLN,Philadelphia Eagles,Cincinnati Bengals,25337,5,45
2012,2012-12-16T11:00:00Z,FOX,Chicago Bears,Green Bay Packers,45529,3,43.5
2012,2012-12-16T11:00:00Z,CBS,Baltimore Ravens,Denver Broncos,67317,3,48
2012,2012-12-16T14:30:00Z,CBS,Dallas Cowboys,Pittsburgh Steelers,129434,2,46
2012,2012-12-16T19:00:00Z,NBC,New England Patriots,San Francisco 49ers,144319,-4,47.5
2012,2012-12-17T18:30:00Z,ESPN,Tennessee Titans,New York Jets,53915,1,40.5
2012,2012-12-22T18:30:00Z,ESPN,Detroit Lions,Atlanta Falcons,46366,3.5,50
2012,2012-12-23T11:00:00Z,FOX,Houston Texans,Minnesota Vikings,72911,-7.5,43
2012,2012-12-23T14:45:00Z,FOX,Baltimore Ravens,New York Giants,64346,2.5,47.5
2012,2012-12-23T14:00:00Z,CBS,Denver Broncos,Cleveland Browns,60472,-11,44
2012,2012-12-23T18:30:00Z,NBC,Seattle Seahawks,San Francisco 49ers,127370,-2.5,40.5
2012,2012-12-30T11:00:00Z,FOX,New York Giants,Philadelphia Eagles,26121,-6.5,44.5
2012,2012-12-30T13:00:00Z,FOX,Detroit Lions,Chicago Bears,28740,3,46
2012,2012-12-30T14:30:00Z,FOX,Minnesota Vikings,Green Bay Packers,88790,3,46
2012,2012-12-30T11:00:00Z,CBS,Indianapolis Colts,Houston Texans,63135,6.5,47
2012,2012-12-30T14:30:00Z,CBS,New England Patriots,Miami Dolphins,69636,-11.5,48
2012,2012-12-30T18:30:00Z,NBC,Washington Redskins,Dallas Cowboys,119523,-3,49
2012,2013-01-05T14:30:00Z,NBC,Houston Texans,Cincinnati Bengals,86780,6.5,47
2012,2013-01-05T18:15:00Z,NBC,Minnesota Vikings,Green Bay Packers,129747,3,46
2012,2013-01-06T11:00:00Z,CBS,Baltimore Ravens,Indianapolis Colts,118630,NA,NA
2012,2013-01-06T14:45:00Z,FOX,Washington Redskins,Seattle Seahawks,159958,NA,NA
2012,2013-01-12T14:30:00Z,CBS,Denver Broncos,Baltimore Ravens,159531,NA,NA
2012,2013-01-12T18:30:00Z,FOX,San Francisco 49ers,Green Bay Packers,158344,NA,NA
2012,2013-01-13T11:00:00Z,FOX,Atlanta Falcons,Seattle Seahawks,131769,NA,NA
2012,2013-01-13T14:45:00Z,CBS,New England Patriots,Houston Texans,168669,NA,NA
2012,2013-01-20T13:00:00Z,FOX,Atlanta Falcons,San Francisco 49ers,203018,NA,NA
2012,2013-01-20T16:45:00Z,CBS,New England Patriots,Baltimore Ravens,200346,NA,NA
2012,2013-02-03T16:30:00Z,CBS,San Francisco 49ers,Baltimore Ravens,393060,NA,NA
